/*
Navicat MySQL Data Transfer

Source Server         : localmysql
Source Server Version : 50553
Source Host           : localhost:3306
Source Database       : novel

Target Server Type    : MYSQL
Target Server Version : 50553
File Encoding         : 65001

Date: 2018-07-21 15:06:21
*/

SET FOREIGN_KEY_CHECKS=0;

-- ----------------------------
-- Table structure for `admin`
-- ----------------------------
DROP TABLE IF EXISTS `admin`;
CREATE TABLE `admin` (
  `a_id` int(5) NOT NULL AUTO_INCREMENT,
  `name` varchar(30) NOT NULL,
  `pwd` varchar(255) NOT NULL,
  PRIMARY KEY (`a_id`)
) ENGINE=MyISAM AUTO_INCREMENT=2 DEFAULT CHARSET=utf8;

-- ----------------------------
-- Records of admin
-- ----------------------------
INSERT INTO `admin` VALUES ('1', 'admin', 'eyJpdiI6Ik5FbXk2Z2hQUFZvVnhnMjFNMEdUb0E9PSIsInZhbHVlIjoiUG9xMTc0Z1hcL0R6MHJQdVBZZktlcmc9PSIsIm1hYyI6IjRmMjkyNDIzZGIxNWE0MzM5NmI5YWNmN2YwZjJjZmUyOWFhNGM2NTUzYTRiZWMwOTk5YWJkNTdiNWI3ZDhkNGYifQ==');

-- ----------------------------
-- Table structure for `author`
-- ----------------------------
DROP TABLE IF EXISTS `author`;
CREATE TABLE `author` (
  `author_id` int(6) NOT NULL AUTO_INCREMENT,
  `author` varchar(30) NOT NULL,
  `author_pinyin` varchar(40) NOT NULL,
  `author_cover_path` varchar(100) DEFAULT NULL,
  `author_intro` text,
  `author_keyword` varchar(100) DEFAULT NULL,
  `author_description` varchar(255) DEFAULT NULL,
  `status` tinyint(1) DEFAULT '1',
  `created_at` timestamp NULL DEFAULT NULL,
  `updated_at` timestamp NULL DEFAULT NULL,
  PRIMARY KEY (`author_id`)
) ENGINE=MyISAM AUTO_INCREMENT=60 DEFAULT CHARSET=utf8;

-- ----------------------------
-- Records of author
-- ----------------------------
INSERT INTO `author` VALUES ('1', '阿大宝', 'adabao', null, null, null, null, '1', '2018-07-20 10:51:07', '2018-07-20 10:51:07');
INSERT INTO `author` VALUES ('2', '诸葛伯温', 'zhugebowen', null, null, null, null, '1', '2018-07-20 10:55:39', '2018-07-20 10:55:39');
INSERT INTO `author` VALUES ('3', '悟空道人', 'wukongdaoren', null, null, null, null, '1', '2018-07-20 10:55:52', '2018-07-20 10:55:52');
INSERT INTO `author` VALUES ('4', '扬帆星海', 'yangfanxinghai', null, null, null, null, '1', '2018-07-20 10:56:08', '2018-07-20 10:56:08');
INSERT INTO `author` VALUES ('5', '想见江南', 'xiangjianjiangnan', null, null, null, null, '1', '2018-07-20 10:56:21', '2018-07-20 10:56:21');
INSERT INTO `author` VALUES ('6', '短歌重行', 'duangechongxing', null, null, null, null, '1', '2018-07-20 10:56:33', '2018-07-20 10:56:33');
INSERT INTO `author` VALUES ('7', '轩辕疯狂', 'xuanyuanfengkuang', null, null, null, null, '1', '2018-07-20 10:56:46', '2018-07-20 10:56:46');
INSERT INTO `author` VALUES ('8', '歌莉', 'geli', null, null, null, null, '1', '2018-07-20 10:56:58', '2018-07-20 10:56:58');
INSERT INTO `author` VALUES ('9', '巅峰小雨', 'dianfengxiaoyu', null, null, null, null, '1', '2018-07-20 10:57:15', '2018-07-20 10:57:15');
INSERT INTO `author` VALUES ('10', '骑士队长', 'qishiduizhang', null, null, null, null, '1', '2018-07-20 10:57:29', '2018-07-20 10:57:29');
INSERT INTO `author` VALUES ('11', '十里桃花', 'shilitaohua', null, null, null, null, '1', '2018-07-20 10:57:42', '2018-07-20 10:57:42');
INSERT INTO `author` VALUES ('12', '易零零', 'yilingling', null, null, null, null, '1', '2018-07-20 10:57:56', '2018-07-20 10:57:56');
INSERT INTO `author` VALUES ('13', '一土成二木', 'yituchengermu', null, null, null, null, '1', '2018-07-20 10:58:08', '2018-07-20 10:58:08');
INSERT INTO `author` VALUES ('14', '极寒之章', 'jihanzhizhang', null, null, null, null, '1', '2018-07-20 10:58:20', '2018-07-20 10:58:20');
INSERT INTO `author` VALUES ('15', '仗剑狂歌', 'zhangjiankuangge', null, null, null, null, '1', '2018-07-20 10:58:33', '2018-07-20 10:58:33');
INSERT INTO `author` VALUES ('16', '且行且寂寞', 'qiexingqiejimo', null, null, null, null, '1', '2018-07-20 10:58:46', '2018-07-20 10:58:46');
INSERT INTO `author` VALUES ('17', '月下桑', 'yuexiasang', null, null, null, null, '1', '2018-07-20 10:58:58', '2018-07-20 10:58:58');
INSERT INTO `author` VALUES ('18', '文羽萱', 'wenyuxuan', null, null, null, null, '1', '2018-07-20 10:59:12', '2018-07-20 10:59:12');
INSERT INTO `author` VALUES ('19', '雨中燕', 'yuzhongyan', null, null, null, null, '1', '2018-07-20 10:59:24', '2018-07-20 10:59:24');
INSERT INTO `author` VALUES ('20', '亘古孤寂2', 'genguguji2', null, null, null, null, '1', '2018-07-20 10:59:36', '2018-07-20 10:59:36');
INSERT INTO `author` VALUES ('21', '家的青天', 'jiadeqingtian', null, null, null, null, '1', '2018-07-20 10:59:49', '2018-07-20 10:59:49');
INSERT INTO `author` VALUES ('22', '汛易', 'xunyi', null, null, null, null, '1', '2018-07-20 11:00:01', '2018-07-20 11:00:01');
INSERT INTO `author` VALUES ('23', '陆十三', 'lushisan', null, null, null, null, '1', '2018-07-20 11:00:14', '2018-07-20 11:00:14');
INSERT INTO `author` VALUES ('24', '热乎冰棍儿', 'rehubingguner', null, null, null, null, '1', '2018-07-20 11:00:32', '2018-07-20 11:00:32');
INSERT INTO `author` VALUES ('25', '不二虫幺', 'buerchongyao', null, null, null, null, '1', '2018-07-20 11:00:45', '2018-07-20 11:00:45');
INSERT INTO `author` VALUES ('26', '长青柏树', 'changqingbaishu', null, null, null, null, '1', '2018-07-20 11:00:57', '2018-07-20 11:00:57');
INSERT INTO `author` VALUES ('27', '半阙长歌', 'banquechangge', null, null, null, null, '1', '2018-07-20 11:01:12', '2018-07-20 11:01:12');
INSERT INTO `author` VALUES ('28', '潇潇羽下', 'xiaoxiaoyuxia', null, null, null, null, '1', '2018-07-20 11:01:27', '2018-07-20 11:01:27');
INSERT INTO `author` VALUES ('29', '烛', 'zhu', null, null, null, null, '1', '2018-07-20 11:01:40', '2018-07-20 11:01:40');
INSERT INTO `author` VALUES ('30', '西山小员外', 'xishanxiaoyuanwai', null, null, null, null, '1', '2018-07-20 11:01:52', '2018-07-20 11:01:52');
INSERT INTO `author` VALUES ('31', '影清尘', 'yingqingchen', null, null, null, null, '1', '2018-07-21 04:41:13', '2018-07-21 04:41:13');
INSERT INTO `author` VALUES ('32', '凉晓柒', 'liangxiaoqi', null, null, null, null, '1', '2018-07-21 04:41:25', '2018-07-21 04:41:25');
INSERT INTO `author` VALUES ('33', '朔海长君', 'shuohaizhangjun', null, null, null, null, '1', '2018-07-21 04:41:37', '2018-07-21 04:41:37');
INSERT INTO `author` VALUES ('34', '俏千金', 'qiaoqianjin', null, null, null, null, '1', '2018-07-21 04:41:49', '2018-07-21 04:41:49');
INSERT INTO `author` VALUES ('35', '彡疯', 'shanfeng', null, null, null, null, '1', '2018-07-21 04:42:03', '2018-07-21 04:42:03');
INSERT INTO `author` VALUES ('36', '韦神经', 'weishenjing', null, null, null, null, '1', '2018-07-21 04:42:16', '2018-07-21 04:42:16');
INSERT INTO `author` VALUES ('37', '龙心已静', 'longxinyijing', null, null, null, null, '1', '2018-07-21 04:42:30', '2018-07-21 04:42:30');
INSERT INTO `author` VALUES ('38', '十阶浮屠', 'shijiefutu', null, null, null, null, '1', '2018-07-21 04:42:42', '2018-07-21 04:42:42');
INSERT INTO `author` VALUES ('39', '杂鱼胶囊', 'zayujiaonang', null, null, null, null, '1', '2018-07-21 04:42:58', '2018-07-21 04:42:58');
INSERT INTO `author` VALUES ('40', '汐奚', 'xixi', null, null, null, null, '1', '2018-07-21 04:43:13', '2018-07-21 04:43:13');
INSERT INTO `author` VALUES ('41', '公子无奇', 'gongziwuqi', null, null, null, null, '1', '2018-07-21 04:43:30', '2018-07-21 04:43:30');
INSERT INTO `author` VALUES ('42', '鸿雁南行', 'hongyannanxing', null, null, null, null, '1', '2018-07-21 04:43:43', '2018-07-21 04:43:43');
INSERT INTO `author` VALUES ('43', '边听边说', 'biantingbianshuo', null, null, null, null, '1', '2018-07-21 04:43:56', '2018-07-21 04:43:56');
INSERT INTO `author` VALUES ('44', '自在观', 'zizaiguan', null, null, null, null, '1', '2018-07-21 04:44:08', '2018-07-21 04:44:08');
INSERT INTO `author` VALUES ('45', '乱世浮歌', 'luanshifuge', null, null, null, null, '1', '2018-07-21 04:44:22', '2018-07-21 04:44:22');
INSERT INTO `author` VALUES ('46', '李誓铭', 'lishiming', null, null, null, null, '1', '2018-07-21 04:44:35', '2018-07-21 04:44:35');
INSERT INTO `author` VALUES ('47', '热血辣椒', 'rexuelajiao', null, null, null, null, '1', '2018-07-21 04:44:48', '2018-07-21 04:44:48');
INSERT INTO `author` VALUES ('48', '一丝不苟', 'yisibugou', null, null, null, null, '1', '2018-07-21 04:45:05', '2018-07-21 04:45:05');
INSERT INTO `author` VALUES ('49', '苍耳临霜', 'cangerlinshuang', null, null, null, null, '1', '2018-07-21 04:45:18', '2018-07-21 04:45:18');
INSERT INTO `author` VALUES ('50', '月下乘船来', 'yuexiashengchuanlai', null, null, null, null, '1', '2018-07-21 04:45:32', '2018-07-21 04:45:32');
INSERT INTO `author` VALUES ('51', '剑阵仙帝', 'jianzhenxiandi', null, null, null, null, '1', '2018-07-21 05:03:32', '2018-07-21 05:03:32');
INSERT INTO `author` VALUES ('52', '夜半小酌', 'yebanxiaozhuo', null, null, null, null, '1', '2018-07-21 05:03:46', '2018-07-21 05:03:46');
INSERT INTO `author` VALUES ('53', '经年虚设', 'jingnianxushe', null, null, null, null, '1', '2018-07-21 05:03:59', '2018-07-21 05:03:59');
INSERT INTO `author` VALUES ('54', '六时明亮', 'liushimingliang', null, null, null, null, '1', '2018-07-21 05:04:11', '2018-07-21 05:04:11');
INSERT INTO `author` VALUES ('55', '陈家大海', 'chenjiadahai', null, null, null, null, '1', '2018-07-21 05:04:24', '2018-07-21 05:04:24');
INSERT INTO `author` VALUES ('56', '翎晨', 'lingchen', null, null, null, null, '1', '2018-07-21 05:04:36', '2018-07-21 05:04:36');
INSERT INTO `author` VALUES ('57', '千面怪', 'qianmianguai', null, null, null, null, '1', '2018-07-21 05:04:48', '2018-07-21 05:04:48');
INSERT INTO `author` VALUES ('58', '知白', 'zhibai', null, null, null, null, '1', '2018-07-21 05:05:00', '2018-07-21 05:05:00');
INSERT INTO `author` VALUES ('59', '不留无伤', 'buliuwushang', null, null, null, null, '1', '2018-07-21 05:05:16', '2018-07-21 05:05:16');

-- ----------------------------
-- Table structure for `category`
-- ----------------------------
DROP TABLE IF EXISTS `category`;
CREATE TABLE `category` (
  `c_id` int(3) NOT NULL AUTO_INCREMENT,
  `c_name` varchar(100) NOT NULL,
  `c_name_pinyin` varchar(100) NOT NULL,
  `c_keyword` varchar(200) DEFAULT NULL,
  `c_description` varchar(255) DEFAULT NULL,
  `show` tinyint(1) NOT NULL DEFAULT '1',
  `priority` int(8) DEFAULT '0' COMMENT '数字越大就排在越前面',
  PRIMARY KEY (`c_id`)
) ENGINE=MyISAM AUTO_INCREMENT=27 DEFAULT CHARSET=utf8;

-- ----------------------------
-- Records of category
-- ----------------------------
INSERT INTO `category` VALUES ('1', '玄幻小说', 'xuanhuanxiaoshuo', '', '', '1', '10');
INSERT INTO `category` VALUES ('2', '修真小说', 'xiuzhenxiaoshuo', '', '', '1', '9');
INSERT INTO `category` VALUES ('3', '都市小说', 'dushixiaoshuo', '', '', '1', '8');
INSERT INTO `category` VALUES ('4', '穿越小说', 'chuanyuexiaoshuo', '', '', '1', '7');
INSERT INTO `category` VALUES ('5', '网游小说', 'wangyouxiaoshuo', '', '', '1', '6');
INSERT INTO `category` VALUES ('6', '科幻小说', 'kehuanxiaoshuo', '', '', '1', '5');
INSERT INTO `category` VALUES ('7', '其它小说', 'qitaxiaoshuo', null, null, '1', '4');

-- ----------------------------
-- Table structure for `chapter`
-- ----------------------------
DROP TABLE IF EXISTS `chapter`;
CREATE TABLE `chapter` (
  `chapter_id` int(11) NOT NULL AUTO_INCREMENT,
  `chapter_name` varchar(60) NOT NULL,
  `chapter_order` int(5) NOT NULL,
  `pre_chapter_id` int(11) DEFAULT '0',
  `next_chapter_id` int(11) DEFAULT '0',
  `c_id` int(5) NOT NULL,
  `novel_id` int(8) NOT NULL,
  `novel_name` varchar(50) NOT NULL,
  `author_id` int(6) NOT NULL,
  `show` tinyint(1) NOT NULL DEFAULT '1',
  `updatetime` int(11) DEFAULT NULL,
  `createtime` int(11) NOT NULL,
  PRIMARY KEY (`chapter_id`)
) ENGINE=MyISAM AUTO_INCREMENT=321 DEFAULT CHARSET=utf8;

-- ----------------------------
-- Records of chapter
-- ----------------------------
INSERT INTO `chapter` VALUES ('1', '第一章 : 封一', '1', '0', '2', '0', '1', '', '0', '1', '1532084128', '1532084128');
INSERT INTO `chapter` VALUES ('2', '第二章: 圣灵', '2', '1', '3', '0', '1', '', '0', '1', '1532084138', '1532084138');
INSERT INTO `chapter` VALUES ('3', '第三章 灵术', '3', '2', '4', '0', '1', '', '0', '1', '1532084139', '1532084139');
INSERT INTO `chapter` VALUES ('4', '第四章 上不去的树', '4', '3', '0', '0', '1', '', '0', '1', '1532084139', '1532084139');
INSERT INTO `chapter` VALUES ('5', '第一章 废物', '1', '0', '6', '0', '2', '', '0', '1', '1532084141', '1532084141');
INSERT INTO `chapter` VALUES ('6', '第二章 变化', '2', '5', '7', '0', '2', '', '0', '1', '1532084151', '1532084151');
INSERT INTO `chapter` VALUES ('7', '第三章 不一样的自己', '3', '6', '8', '0', '2', '', '0', '1', '1532084151', '1532084151');
INSERT INTO `chapter` VALUES ('8', '第四章 变态折磨', '4', '7', '0', '0', '2', '', '0', '1', '1532084151', '1532084151');
INSERT INTO `chapter` VALUES ('9', '第1章 魔君古矿', '1', '0', '10', '0', '3', '', '0', '1', '1532084153', '1532084153');
INSERT INTO `chapter` VALUES ('10', '第2章 五帝镇魔劲', '2', '9', '11', '0', '3', '', '0', '1', '1532084164', '1532084164');
INSERT INTO `chapter` VALUES ('11', '第3章 瞒天过海', '3', '10', '12', '0', '3', '', '0', '1', '1532084165', '1532084165');
INSERT INTO `chapter` VALUES ('12', '第4章 认清真我', '4', '11', '0', '0', '3', '', '0', '1', '1532084166', '1532084166');
INSERT INTO `chapter` VALUES ('13', '第一章 初到异界', '1', '0', '14', '0', '4', '', '0', '1', '1532084169', '1532084169');
INSERT INTO `chapter` VALUES ('14', '第二章 重享母爱', '2', '13', '15', '0', '4', '', '0', '1', '1532084180', '1532084180');
INSERT INTO `chapter` VALUES ('15', '第三章 护国钟家', '3', '14', '16', '0', '4', '', '0', '1', '1532084180', '1532084180');
INSERT INTO `chapter` VALUES ('16', '第四章 武徒初期', '4', '15', '0', '0', '4', '', '0', '1', '1532084180', '1532084180');
INSERT INTO `chapter` VALUES ('17', '兄弟们，我回来了，投票吧', '1', '0', '18', '0', '5', '', '0', '1', '1532084182', '1532084182');
INSERT INTO `chapter` VALUES ('18', '老书番外一', '2', '17', '19', '0', '5', '', '0', '1', '1532084193', '1532084193');
INSERT INTO `chapter` VALUES ('19', '第一章 蝼蚁', '3', '18', '20', '0', '5', '', '0', '1', '1532084193', '1532084193');
INSERT INTO `chapter` VALUES ('20', '第二章 巅峰', '4', '19', '0', '0', '5', '', '0', '1', '1532084193', '1532084193');
INSERT INTO `chapter` VALUES ('21', '楔子', '1', '0', '22', '0', '6', '', '0', '1', '1532084195', '1532084195');
INSERT INTO `chapter` VALUES ('22', '第一章 少年张扬', '2', '21', '23', '0', '6', '', '0', '1', '1532084205', '1532084205');
INSERT INTO `chapter` VALUES ('23', '第二章 赚钱不容易', '3', '22', '24', '0', '6', '', '0', '1', '1532084205', '1532084205');
INSERT INTO `chapter` VALUES ('24', '第三章 讨债', '4', '23', '0', '0', '6', '', '0', '1', '1532084206', '1532084206');
INSERT INTO `chapter` VALUES ('25', '第一章 逆天八十一针', '1', '0', '26', '0', '7', '', '0', '1', '1532084207', '1532084207');
INSERT INTO `chapter` VALUES ('26', '第二章 你咬我', '2', '25', '27', '0', '7', '', '0', '1', '1532084217', '1532084217');
INSERT INTO `chapter` VALUES ('27', '第三章 警察姐姐请吃饭', '3', '26', '28', '0', '7', '', '0', '1', '1532084218', '1532084218');
INSERT INTO `chapter` VALUES ('28', '第四章 家族弃子', '4', '27', '0', '0', '7', '', '0', '1', '1532084218', '1532084218');
INSERT INTO `chapter` VALUES ('29', '第一章 地狱归来', '1', '0', '30', '0', '8', '', '0', '1', '1532084220', '1532084220');
INSERT INTO `chapter` VALUES ('30', '第二章 拉钩', '2', '29', '31', '0', '8', '', '0', '1', '1532084230', '1532084230');
INSERT INTO `chapter` VALUES ('31', '第三章 家，我回来了！', '3', '30', '32', '0', '8', '', '0', '1', '1532084231', '1532084231');
INSERT INTO `chapter` VALUES ('32', '第四章 小孩就应该偏食', '4', '31', '0', '0', '8', '', '0', '1', '1532084231', '1532084231');
INSERT INTO `chapter` VALUES ('33', '第1435章 可咋整啊？（五更）', '1', '0', '34', '0', '9', '', '0', '1', '1532084236', '1532084236');
INSERT INTO `chapter` VALUES ('34', '第1434章 打起来了 （四更）', '2', '33', '35', '0', '9', '', '0', '1', '1532084248', '1532084248');
INSERT INTO `chapter` VALUES ('35', '第1433章 宠我不？（三更）', '3', '34', '36', '0', '9', '', '0', '1', '1532084249', '1532084249');
INSERT INTO `chapter` VALUES ('36', '第1432章 传个话（二更）', '4', '35', '0', '0', '9', '', '0', '1', '1532084249', '1532084249');
INSERT INTO `chapter` VALUES ('37', '第1章 漆黑洞窟中的少年', '1', '0', '38', '0', '10', '', '0', '1', '1532084251', '1532084251');
INSERT INTO `chapter` VALUES ('38', '第2章 反杀', '2', '37', '39', '0', '10', '', '0', '1', '1532084262', '1532084262');
INSERT INTO `chapter` VALUES ('39', '第3章 白家村', '3', '38', '40', '0', '10', '', '0', '1', '1532084262', '1532084262');
INSERT INTO `chapter` VALUES ('40', '第4章 金乌白家', '4', '39', '0', '0', '10', '', '0', '1', '1532084262', '1532084262');
INSERT INTO `chapter` VALUES ('41', '第一章:踏上征途', '1', '0', '42', '0', '11', '', '0', '1', '1532084264', '1532084264');
INSERT INTO `chapter` VALUES ('42', '第二章:车厢里的邂逅', '2', '41', '43', '0', '11', '', '0', '1', '1532084275', '1532084275');
INSERT INTO `chapter` VALUES ('43', '第三章:冤家路窄', '3', '42', '44', '0', '11', '', '0', '1', '1532084275', '1532084275');
INSERT INTO `chapter` VALUES ('44', '第四章:选拔前夕', '4', '43', '0', '0', '11', '', '0', '1', '1532084275', '1532084275');
INSERT INTO `chapter` VALUES ('45', '第1章 失恋', '1', '0', '46', '0', '12', '', '0', '1', '1532084277', '1532084277');
INSERT INTO `chapter` VALUES ('46', '第2章 转世', '2', '45', '47', '0', '12', '', '0', '1', '1532084287', '1532084287');
INSERT INTO `chapter` VALUES ('47', '第3章 以身相许？', '3', '46', '48', '0', '12', '', '0', '1', '1532084288', '1532084288');
INSERT INTO `chapter` VALUES ('48', '第4章 道歉？', '4', '47', '0', '0', '12', '', '0', '1', '1532084288', '1532084288');
INSERT INTO `chapter` VALUES ('49', '第一章 红尘俗世', '1', '0', '50', '0', '13', '', '0', '1', '1532084289', '1532084289');
INSERT INTO `chapter` VALUES ('50', '第二章 十面埋伏', '2', '49', '51', '0', '13', '', '0', '1', '1532084300', '1532084300');
INSERT INTO `chapter` VALUES ('51', '第三章 身死道消', '3', '50', '52', '0', '13', '', '0', '1', '1532084300', '1532084300');
INSERT INTO `chapter` VALUES ('52', '第四章 龙城东沙', '4', '51', '0', '0', '13', '', '0', '1', '1532084300', '1532084300');
INSERT INTO `chapter` VALUES ('53', '第1章 神帝重生', '1', '0', '54', '0', '14', '', '0', '1', '1532084302', '1532084302');
INSERT INTO `chapter` VALUES ('54', '第2章 一鸣惊人', '2', '53', '55', '0', '14', '', '0', '1', '1532084312', '1532084312');
INSERT INTO `chapter` VALUES ('55', '第3章 神像', '3', '54', '56', '0', '14', '', '0', '1', '1532084312', '1532084312');
INSERT INTO `chapter` VALUES ('56', '第4章 暴打', '4', '55', '0', '0', '14', '', '0', '1', '1532084313', '1532084313');
INSERT INTO `chapter` VALUES ('57', '第1章 被人堵', '1', '0', '58', '0', '15', '', '0', '1', '1532084314', '1532084314');
INSERT INTO `chapter` VALUES ('58', '第2章 刘盼盼', '2', '57', '59', '0', '15', '', '0', '1', '1532084325', '1532084325');
INSERT INTO `chapter` VALUES ('59', '第0003章 假装男朋友', '3', '58', '60', '0', '15', '', '0', '1', '1532084325', '1532084325');
INSERT INTO `chapter` VALUES ('60', '第0004章 主任的把柄', '4', '59', '0', '0', '15', '', '0', '1', '1532084325', '1532084325');
INSERT INTO `chapter` VALUES ('61', '第一章 传说中的高人（上）', '1', '0', '62', '0', '16', '', '0', '1', '1532084327', '1532084327');
INSERT INTO `chapter` VALUES ('62', '第二章 传说中的高人（下）', '2', '61', '63', '0', '16', '', '0', '1', '1532084337', '1532084337');
INSERT INTO `chapter` VALUES ('63', '第三章 少年收徒（上）', '3', '62', '64', '0', '16', '', '0', '1', '1532084338', '1532084338');
INSERT INTO `chapter` VALUES ('64', '第四章 少年收徒（下）', '4', '63', '0', '0', '16', '', '0', '1', '1532084338', '1532084338');
INSERT INTO `chapter` VALUES ('65', '1.第一章', '1', '0', '66', '0', '17', '', '0', '1', '1532084340', '1532084340');
INSERT INTO `chapter` VALUES ('66', '2.第二章', '2', '65', '67', '0', '17', '', '0', '1', '1532084351', '1532084351');
INSERT INTO `chapter` VALUES ('67', '3.第三章', '3', '66', '68', '0', '17', '', '0', '1', '1532084351', '1532084351');
INSERT INTO `chapter` VALUES ('68', '4.第四章', '4', '67', '0', '0', '17', '', '0', '1', '1532084352', '1532084352');
INSERT INTO `chapter` VALUES ('69', '穿越古国', '1', '0', '70', '0', '18', '', '0', '1', '1532084353', '1532084353');
INSERT INTO `chapter` VALUES ('70', '战中之神', '2', '69', '71', '0', '18', '', '0', '1', '1532084363', '1532084363');
INSERT INTO `chapter` VALUES ('71', '无忧神掌', '3', '70', '72', '0', '18', '', '0', '1', '1532084364', '1532084364');
INSERT INTO `chapter` VALUES ('72', '茶中之魂', '4', '71', '0', '0', '18', '', '0', '1', '1532084364', '1532084364');
INSERT INTO `chapter` VALUES ('73', '第3章 卷 落花成殇 第一章 哑巴少年', '1', '0', '74', '0', '19', '', '0', '1', '1532084365', '1532084365');
INSERT INTO `chapter` VALUES ('74', '第4章 叶家叶枫', '2', '73', '75', '0', '19', '', '0', '1', '1532084375', '1532084375');
INSERT INTO `chapter` VALUES ('75', '第5章 死去活来', '3', '74', '76', '0', '19', '', '0', '1', '1532084376', '1532084376');
INSERT INTO `chapter` VALUES ('76', '第6章 父亲叶天', '4', '75', '0', '0', '19', '', '0', '1', '1532084376', '1532084376');
INSERT INTO `chapter` VALUES ('77', '第一章 划江成陆', '1', '0', '78', '0', '20', '', '0', '1', '1532084377', '1532084377');
INSERT INTO `chapter` VALUES ('78', '第二章 人与人之间的和谐友爱', '2', '77', '79', '0', '20', '', '0', '1', '1532084388', '1532084388');
INSERT INTO `chapter` VALUES ('79', '第三章 玉京人', '3', '78', '80', '0', '20', '', '0', '1', '1532084388', '1532084388');
INSERT INTO `chapter` VALUES ('80', '第四章 衣冠勤售', '4', '79', '0', '0', '20', '', '0', '1', '1532084389', '1532084389');
INSERT INTO `chapter` VALUES ('81', '第一章：天降之火', '1', '0', '82', '0', '21', '', '0', '1', '1532084390', '1532084390');
INSERT INTO `chapter` VALUES ('82', '第二章：二号', '2', '81', '83', '0', '21', '', '0', '1', '1532084401', '1532084401');
INSERT INTO `chapter` VALUES ('83', '第三章：发家致富', '3', '82', '84', '0', '21', '', '0', '1', '1532084401', '1532084401');
INSERT INTO `chapter` VALUES ('84', '第四章：收集零件', '4', '83', '281', '0', '21', '', '0', '1', '1532084401', '1532084401');
INSERT INTO `chapter` VALUES ('85', '第1章 “潜的诞生”', '1', '0', '86', '0', '22', '', '0', '1', '1532084403', '1532084403');
INSERT INTO `chapter` VALUES ('86', '第2章 “潜的世界”', '2', '85', '87', '0', '22', '', '0', '1', '1532084413', '1532084413');
INSERT INTO `chapter` VALUES ('87', '第3章 “解放空间”', '3', '86', '88', '0', '22', '', '0', '1', '1532084414', '1532084414');
INSERT INTO `chapter` VALUES ('88', '第4章 “时间领域”', '4', '87', '0', '0', '22', '', '0', '1', '1532084414', '1532084414');
INSERT INTO `chapter` VALUES ('89', '001.天上掉下来个妹妹', '1', '0', '90', '0', '23', '', '0', '1', '1532084415', '1532084415');
INSERT INTO `chapter` VALUES ('90', '002.离开姜家', '2', '89', '91', '0', '23', '', '0', '1', '1532084427', '1532084427');
INSERT INTO `chapter` VALUES ('91', '003.意外发现', '3', '90', '92', '0', '23', '', '0', '1', '1532084429', '1532084429');
INSERT INTO `chapter` VALUES ('92', '004.狩猎', '4', '91', '0', '0', '23', '', '0', '1', '1532084431', '1532084431');
INSERT INTO `chapter` VALUES ('93', '第一章 剑魄', '1', '0', '94', '0', '24', '', '0', '1', '1532084434', '1532084434');
INSERT INTO `chapter` VALUES ('94', '第二章 摘魄', '2', '93', '95', '0', '24', '', '0', '1', '1532084444', '1532084444');
INSERT INTO `chapter` VALUES ('95', '第三章 一株草可诛天', '3', '94', '96', '0', '24', '', '0', '1', '1532084444', '1532084444');
INSERT INTO `chapter` VALUES ('96', '第四章 讲武堂', '4', '95', '0', '0', '24', '', '0', '1', '1532084444', '1532084444');
INSERT INTO `chapter` VALUES ('97', '1，符尊寻勤王星罩星', '1', '0', '98', '0', '25', '', '0', '1', '1532084446', '1532084446');
INSERT INTO `chapter` VALUES ('98', '2，夜夜春突来二贵客', '2', '97', '99', '0', '25', '', '0', '1', '1532084456', '1532084456');
INSERT INTO `chapter` VALUES ('99', '3，太子吕负伤夜夜春', '3', '98', '100', '0', '25', '', '0', '1', '1532084456', '1532084456');
INSERT INTO `chapter` VALUES ('100', '4，五丞相夜聚寻太子', '4', '99', '0', '0', '25', '', '0', '1', '1532084457', '1532084457');
INSERT INTO `chapter` VALUES ('101', '第一章 平凡的生活', '1', '0', '102', '0', '26', '', '0', '1', '1532084459', '1532084459');
INSERT INTO `chapter` VALUES ('102', '第二章 拜师', '2', '101', '103', '0', '26', '', '0', '1', '1532084471', '1532084471');
INSERT INTO `chapter` VALUES ('103', '第三章 登山', '3', '102', '104', '0', '26', '', '0', '1', '1532084472', '1532084472');
INSERT INTO `chapter` VALUES ('104', '第四章 礼物', '4', '103', '0', '0', '26', '', '0', '1', '1532084472', '1532084472');
INSERT INTO `chapter` VALUES ('105', '001 停车场惊魂', '1', '0', '106', '0', '27', '', '0', '1', '1532084474', '1532084474');
INSERT INTO `chapter` VALUES ('106', '002 家门口的恐怖礼物', '2', '105', '107', '0', '27', '', '0', '1', '1532084486', '1532084486');
INSERT INTO `chapter` VALUES ('107', '003 落汤鸡与传教士', '3', '106', '108', '0', '27', '', '0', '1', '1532084487', '1532084487');
INSERT INTO `chapter` VALUES ('108', '004 你好，大叔', '4', '107', '0', '0', '27', '', '0', '1', '1532084487', '1532084487');
INSERT INTO `chapter` VALUES ('109', '写在前面的话', '1', '0', '110', '0', '28', '', '0', '1', '1532084489', '1532084489');
INSERT INTO `chapter` VALUES ('110', '第1章 同人展', '2', '109', '111', '0', '28', '', '0', '1', '1532084499', '1532084499');
INSERT INTO `chapter` VALUES ('111', '第2章 妹妹', '3', '110', '112', '0', '28', '', '0', '1', '1532084499', '1532084499');
INSERT INTO `chapter` VALUES ('112', '第3章 三流也是“流”', '4', '111', '0', '0', '28', '', '0', '1', '1532084499', '1532084499');
INSERT INTO `chapter` VALUES ('113', '第1章 光晕如环', '1', '0', '114', '0', '29', '', '0', '1', '1532084501', '1532084501');
INSERT INTO `chapter` VALUES ('114', '第2章 眼珠子？', '2', '113', '115', '0', '29', '', '0', '1', '1532084511', '1532084511');
INSERT INTO `chapter` VALUES ('115', '第3章 珍品奇石', '3', '114', '116', '0', '29', '', '0', '1', '1532084511', '1532084511');
INSERT INTO `chapter` VALUES ('116', '第4章 二三十万', '4', '115', '0', '0', '29', '', '0', '1', '1532084512', '1532084512');
INSERT INTO `chapter` VALUES ('117', '第1章 村头的少年', '1', '0', '118', '0', '30', '', '0', '1', '1532084514', '1532084514');
INSERT INTO `chapter` VALUES ('118', '第2章 卫生室有人', '2', '117', '119', '0', '30', '', '0', '1', '1532084524', '1532084524');
INSERT INTO `chapter` VALUES ('119', '第3章 发达秘籍', '3', '118', '120', '0', '30', '', '0', '1', '1532084524', '1532084524');
INSERT INTO `chapter` VALUES ('120', '第4章 大树洞里的故事', '4', '119', '0', '0', '30', '', '0', '1', '1532084524', '1532084524');
INSERT INTO `chapter` VALUES ('121', '第1章 重生在地球', '1', '0', '122', '0', '31', '', '0', '1', '1532148074', '1532148074');
INSERT INTO `chapter` VALUES ('122', '第2章 神医？庸医！（上）', '2', '121', '123', '0', '31', '', '0', '1', '1532148084', '1532148084');
INSERT INTO `chapter` VALUES ('123', '第3章 神医？庸医！（下）', '3', '122', '124', '0', '31', '', '0', '1', '1532148084', '1532148084');
INSERT INTO `chapter` VALUES ('124', '第4章 你还要怎样？！', '4', '123', '201', '0', '31', '', '0', '1', '1532148085', '1532148085');
INSERT INTO `chapter` VALUES ('125', '第1章 男人的胸肌和腹肌？', '1', '0', '126', '0', '32', '', '0', '1', '1532148086', '1532148086');
INSERT INTO `chapter` VALUES ('126', '第2章 三十来岁的寄生虫', '2', '125', '127', '0', '32', '', '0', '1', '1532148097', '1532148097');
INSERT INTO `chapter` VALUES ('127', '第3章 一瞬间，差点眼睛被闪瞎！', '3', '126', '128', '0', '32', '', '0', '1', '1532148097', '1532148097');
INSERT INTO `chapter` VALUES ('128', '第4章 野蛮！野蛮劲儿也不知道像谁', '4', '127', '205', '0', '32', '', '0', '1', '1532148097', '1532148097');
INSERT INTO `chapter` VALUES ('129', '第一章 长毛', '1', '0', '130', '0', '33', '', '0', '1', '1532148099', '1532148099');
INSERT INTO `chapter` VALUES ('130', '第二章 血兽引', '2', '129', '131', '0', '33', '', '0', '1', '1532148109', '1532148109');
INSERT INTO `chapter` VALUES ('131', '第三章 女子相救', '3', '130', '132', '0', '33', '', '0', '1', '1532148109', '1532148109');
INSERT INTO `chapter` VALUES ('132', '第四章 治疗', '4', '131', '209', '0', '33', '', '0', '1', '1532148109', '1532148109');
INSERT INTO `chapter` VALUES ('133', '第1章 渔村故事', '1', '0', '134', '0', '34', '', '0', '1', '1532148112', '1532148112');
INSERT INTO `chapter` VALUES ('134', '第2章 肖家兄妹', '2', '133', '135', '0', '34', '', '0', '1', '1532148122', '1532148122');
INSERT INTO `chapter` VALUES ('135', '第3章 乱世佳人', '3', '134', '136', '0', '34', '', '0', '1', '1532148122', '1532148122');
INSERT INTO `chapter` VALUES ('136', '第4章', '4', '135', '213', '0', '34', '', '0', '1', '1532148123', '1532148123');
INSERT INTO `chapter` VALUES ('137', '第1章 转世', '1', '0', '138', '0', '35', '', '0', '1', '1532148125', '1532148125');
INSERT INTO `chapter` VALUES ('138', '第2章 麻烦', '2', '137', '139', '0', '35', '', '0', '1', '1532148135', '1532148135');
INSERT INTO `chapter` VALUES ('139', '第3章 一鸣惊人', '3', '138', '140', '0', '35', '', '0', '1', '1532148135', '1532148135');
INSERT INTO `chapter` VALUES ('140', '第4章 显威', '4', '139', '217', '0', '35', '', '0', '1', '1532148135', '1532148135');
INSERT INTO `chapter` VALUES ('141', '第1章', '1', '0', '142', '0', '36', '', '0', '1', '1532148137', '1532148137');
INSERT INTO `chapter` VALUES ('142', '第2章 杀过学生的老师', '2', '141', '143', '0', '36', '', '0', '1', '1532148149', '1532148149');
INSERT INTO `chapter` VALUES ('143', '第3章 授课开始', '3', '142', '144', '0', '36', '', '0', '1', '1532148150', '1532148150');
INSERT INTO `chapter` VALUES ('144', '第4章 图书馆里的战斗', '4', '143', '221', '0', '36', '', '0', '1', '1532148150', '1532148150');
INSERT INTO `chapter` VALUES ('145', '第1章墨城', '1', '0', '146', '0', '37', '', '0', '1', '1532148151', '1532148151');
INSERT INTO `chapter` VALUES ('146', '第2章劫空', '2', '145', '147', '0', '37', '', '0', '1', '1532148161', '1532148161');
INSERT INTO `chapter` VALUES ('147', '第3章特殊', '3', '146', '148', '0', '37', '', '0', '1', '1532148162', '1532148162');
INSERT INTO `chapter` VALUES ('148', '第4章五行之外', '4', '147', '225', '0', '37', '', '0', '1', '1532148162', '1532148162');
INSERT INTO `chapter` VALUES ('149', '0001 骚年十八岁', '1', '0', '150', '0', '38', '', '0', '1', '1532148163', '1532148163');
INSERT INTO `chapter` VALUES ('150', '0002 诡异山庄', '2', '149', '151', '0', '38', '', '0', '1', '1532148175', '1532148175');
INSERT INTO `chapter` VALUES ('151', '0003 赶着去跳楼', '3', '150', '152', '0', '38', '', '0', '1', '1532148177', '1532148177');
INSERT INTO `chapter` VALUES ('152', '0004 活尸扛把子', '4', '151', '229', '0', '38', '', '0', '1', '1532148177', '1532148177');
INSERT INTO `chapter` VALUES ('153', '第1章 楔子', '1', '0', '154', '0', '39', '', '0', '1', '1532148180', '1532148180');
INSERT INTO `chapter` VALUES ('154', '第2章 铸剑师', '2', '153', '155', '0', '39', '', '0', '1', '1532148190', '1532148190');
INSERT INTO `chapter` VALUES ('155', '第3章 诡谲魔蛛', '3', '154', '156', '0', '39', '', '0', '1', '1532148191', '1532148191');
INSERT INTO `chapter` VALUES ('156', '第4章 前辈', '4', '155', '233', '0', '39', '', '0', '1', '1532148193', '1532148193');
INSERT INTO `chapter` VALUES ('157', '01 夜夜笙歌', '1', '0', '158', '0', '40', '', '0', '1', '1532148195', '1532148195');
INSERT INTO `chapter` VALUES ('158', '02 顾家三少', '2', '157', '159', '0', '40', '', '0', '1', '1532148207', '1532148207');
INSERT INTO `chapter` VALUES ('159', '03 再陪我一晚', '3', '158', '160', '0', '40', '', '0', '1', '1532148208', '1532148208');
INSERT INTO `chapter` VALUES ('160', '04 撇清关系', '4', '159', '237', '0', '40', '', '0', '1', '1532148209', '1532148209');
INSERT INTO `chapter` VALUES ('161', '001 初遇', '1', '0', '162', '0', '41', '', '0', '1', '1532148212', '1532148212');
INSERT INTO `chapter` VALUES ('162', '002 她叫向南依', '2', '161', '163', '0', '41', '', '0', '1', '1532148223', '1532148223');
INSERT INTO `chapter` VALUES ('163', '003 再遇', '3', '162', '164', '0', '41', '', '0', '1', '1532148223', '1532148223');
INSERT INTO `chapter` VALUES ('164', '004 抓包现场', '4', '163', '241', '0', '41', '', '0', '1', '1532148223', '1532148223');
INSERT INTO `chapter` VALUES ('165', '第一章 碧舸降世', '1', '0', '166', '0', '42', '', '0', '1', '1532148225', '1532148225');
INSERT INTO `chapter` VALUES ('166', '第二章 初见碧舸', '2', '165', '167', '0', '42', '', '0', '1', '1532148235', '1532148235');
INSERT INTO `chapter` VALUES ('167', '第三章 怀疑碧舸', '3', '166', '168', '0', '42', '', '0', '1', '1532148235', '1532148235');
INSERT INTO `chapter` VALUES ('168', '第四章 魔君部下', '4', '167', '245', '0', '42', '', '0', '1', '1532148235', '1532148235');
INSERT INTO `chapter` VALUES ('169', '第1章 穿越前后', '1', '0', '170', '0', '43', '', '0', '1', '1532148237', '1532148237');
INSERT INTO `chapter` VALUES ('170', '第2章 猎杀谋夺', '2', '169', '171', '0', '43', '', '0', '1', '1532148247', '1532148247');
INSERT INTO `chapter` VALUES ('171', '第3章 重获新生', '3', '170', '172', '0', '43', '', '0', '1', '1532148247', '1532148247');
INSERT INTO `chapter` VALUES ('172', '第4章 当年约定', '4', '171', '249', '0', '43', '', '0', '1', '1532148248', '1532148248');
INSERT INTO `chapter` VALUES ('173', '第一章 死而复生', '1', '0', '174', '0', '44', '', '0', '1', '1532148249', '1532148249');
INSERT INTO `chapter` VALUES ('174', '第二章 一改常态', '2', '173', '175', '0', '44', '', '0', '1', '1532148260', '1532148260');
INSERT INTO `chapter` VALUES ('175', '第三章 优秀毕业证', '3', '174', '176', '0', '44', '', '0', '1', '1532148261', '1532148261');
INSERT INTO `chapter` VALUES ('176', '第五章 寸土不让', '4', '175', '253', '0', '44', '', '0', '1', '1532148261', '1532148261');
INSERT INTO `chapter` VALUES ('177', '第1章 叶灵', '1', '0', '178', '0', '45', '', '0', '1', '1532148263', '1532148263');
INSERT INTO `chapter` VALUES ('178', '第2章 天才？废材？', '2', '177', '179', '0', '45', '', '0', '1', '1532148274', '1532148274');
INSERT INTO `chapter` VALUES ('179', '第3章 碎裂的水晶', '3', '178', '180', '0', '45', '', '0', '1', '1532148275', '1532148275');
INSERT INTO `chapter` VALUES ('180', '第4章 十五年的轮回', '4', '179', '257', '0', '45', '', '0', '1', '1532148275', '1532148275');
INSERT INTO `chapter` VALUES ('181', '第001章 【文以载道】五千字大章求收藏', '1', '0', '182', '0', '46', '', '0', '1', '1532148276', '1532148276');
INSERT INTO `chapter` VALUES ('182', '第002章【首席玩家】新书求收藏推荐', '2', '181', '183', '0', '46', '', '0', '1', '1532148287', '1532148287');
INSERT INTO `chapter` VALUES ('183', '第003章【一键换装】四千字继续求收藏嘤嘤嘤', '3', '182', '184', '0', '46', '', '0', '1', '1532148287', '1532148287');
INSERT INTO `chapter` VALUES ('184', '第004章【灵气复苏】', '4', '183', '261', '0', '46', '', '0', '1', '1532148287', '1532148287');
INSERT INTO `chapter` VALUES ('185', '1.第1章 逆天武魂觉醒', '1', '0', '186', '0', '47', '', '0', '1', '1532148290', '1532148290');
INSERT INTO `chapter` VALUES ('186', '2.第2章 火神炮在手，天下我有', '2', '185', '187', '0', '47', '', '0', '1', '1532148301', '1532148301');
INSERT INTO `chapter` VALUES ('187', '3.第3章 美女姐姐', '3', '186', '188', '0', '47', '', '0', '1', '1532148301', '1532148301');
INSERT INTO `chapter` VALUES ('188', '4.第4章 八方破', '4', '187', '265', '0', '47', '', '0', '1', '1532148302', '1532148302');
INSERT INTO `chapter` VALUES ('189', '第一章 【神级异能者重生】', '1', '0', '190', '0', '48', '', '0', '1', '1532148307', '1532148307');
INSERT INTO `chapter` VALUES ('190', '第二章 【守护，报仇！】', '2', '189', '191', '0', '48', '', '0', '1', '1532148317', '1532148317');
INSERT INTO `chapter` VALUES ('191', '第三章 【对战桑巴克】', '3', '190', '192', '0', '48', '', '0', '1', '1532148318', '1532148318');
INSERT INTO `chapter` VALUES ('192', '第四章 【曾经的家族耻辱】', '4', '191', '269', '0', '48', '', '0', '1', '1532148318', '1532148318');
INSERT INTO `chapter` VALUES ('193', '第一章 旷古大陆', '1', '0', '194', '0', '49', '', '0', '1', '1532148320', '1532148320');
INSERT INTO `chapter` VALUES ('194', '第二章 天地规则', '2', '193', '195', '0', '49', '', '0', '1', '1532148330', '1532148330');
INSERT INTO `chapter` VALUES ('195', '第三章 袁天罡', '3', '194', '196', '0', '49', '', '0', '1', '1532148331', '1532148331');
INSERT INTO `chapter` VALUES ('196', '第四章 天元十二灵', '4', '195', '273', '0', '49', '', '0', '1', '1532148331', '1532148331');
INSERT INTO `chapter` VALUES ('197', '第1章 大帝梦醒', '1', '0', '198', '0', '50', '', '0', '1', '1532148333', '1532148333');
INSERT INTO `chapter` VALUES ('198', '第2章 剑家的决定', '2', '197', '199', '0', '50', '', '0', '1', '1532148343', '1532148343');
INSERT INTO `chapter` VALUES ('199', '第3章 强势现身', '3', '198', '200', '0', '50', '', '0', '1', '1532148343', '1532148343');
INSERT INTO `chapter` VALUES ('200', '第4章 剑术惊人', '4', '199', '277', '0', '50', '', '0', '1', '1532148344', '1532148344');
INSERT INTO `chapter` VALUES ('201', '第5章 一步筑基！', '5', '124', '202', '0', '31', '', '0', '1', '1532149147', '1532149147');
INSERT INTO `chapter` VALUES ('202', '第6章 聚会风波（上）', '6', '201', '203', '0', '31', '', '0', '1', '1532149157', '1532149157');
INSERT INTO `chapter` VALUES ('203', '第7章 聚会风波（下）', '7', '202', '204', '0', '31', '', '0', '1', '1532149157', '1532149157');
INSERT INTO `chapter` VALUES ('204', '第8章 寻药', '8', '203', '0', '0', '31', '', '0', '1', '1532149157', '1532149157');
INSERT INTO `chapter` VALUES ('205', '第5章 你是猴子派来的逗比吗？', '5', '128', '206', '0', '32', '', '0', '1', '1532149158', '1532149158');
INSERT INTO `chapter` VALUES ('206', '第6章 小爷我口味重，这垃圾女人，我要了', '6', '205', '207', '0', '32', '', '0', '1', '1532149168', '1532149168');
INSERT INTO `chapter` VALUES ('207', '第7章 苏沐一张无敌童颜，越长越嫩', '7', '206', '208', '0', '32', '', '0', '1', '1532149169', '1532149169');
INSERT INTO `chapter` VALUES ('208', '第8章 怀孕这件事情，不是你想的那么简单', '8', '207', '0', '0', '32', '', '0', '1', '1532149169', '1532149169');
INSERT INTO `chapter` VALUES ('209', '第五章 地下密处', '5', '132', '210', '0', '33', '', '0', '1', '1532149169', '1532149169');
INSERT INTO `chapter` VALUES ('210', '第六章 唤妖黑匣', '6', '209', '211', '0', '33', '', '0', '1', '1532149180', '1532149180');
INSERT INTO `chapter` VALUES ('211', '第七章 七阶魔兽归服', '7', '210', '212', '0', '33', '', '0', '1', '1532149180', '1532149180');
INSERT INTO `chapter` VALUES ('212', '第八章 匣子的能力', '8', '211', '0', '0', '33', '', '0', '1', '1532149180', '1532149180');
INSERT INTO `chapter` VALUES ('213', '第5章', '5', '136', '214', '0', '34', '', '0', '1', '1532149180', '1532149180');
INSERT INTO `chapter` VALUES ('214', '第6章 青梅竹马', '6', '213', '215', '0', '34', '', '0', '1', '1532149191', '1532149191');
INSERT INTO `chapter` VALUES ('215', '第7章', '7', '214', '216', '0', '34', '', '0', '1', '1532149191', '1532149191');
INSERT INTO `chapter` VALUES ('216', '第8章', '8', '215', '0', '0', '34', '', '0', '1', '1532149191', '1532149191');
INSERT INTO `chapter` VALUES ('217', '第5章 铁骨铮铮李某人', '5', '140', '218', '0', '35', '', '0', '1', '1532149191', '1532149191');
INSERT INTO `chapter` VALUES ('218', '第6章 其人之道还治其人之身', '6', '217', '219', '0', '35', '', '0', '1', '1532149202', '1532149202');
INSERT INTO `chapter` VALUES ('219', '第7章 张郎诀', '7', '218', '220', '0', '35', '', '0', '1', '1532149202', '1532149202');
INSERT INTO `chapter` VALUES ('220', '第8章 张郎诀2', '8', '219', '0', '0', '35', '', '0', '1', '1532149202', '1532149202');
INSERT INTO `chapter` VALUES ('221', '第5章 刺客联盟', '5', '144', '222', '0', '36', '', '0', '1', '1532149203', '1532149203');
INSERT INTO `chapter` VALUES ('222', '第6章 再次相遇', '6', '221', '223', '0', '36', '', '0', '1', '1532149214', '1532149214');
INSERT INTO `chapter` VALUES ('223', '第7章 遇袭', '7', '222', '224', '0', '36', '', '0', '1', '1532149214', '1532149214');
INSERT INTO `chapter` VALUES ('224', '第8章 鬼影现世', '8', '223', '0', '0', '36', '', '0', '1', '1532149214', '1532149214');
INSERT INTO `chapter` VALUES ('225', '第5章勉强合格', '5', '148', '226', '0', '37', '', '0', '1', '1532149215', '1532149215');
INSERT INTO `chapter` VALUES ('226', '第6章古怪的书', '6', '225', '227', '0', '37', '', '0', '1', '1532149225', '1532149225');
INSERT INTO `chapter` VALUES ('227', '第7章赤血剑诀', '7', '226', '228', '0', '37', '', '0', '1', '1532149225', '1532149225');
INSERT INTO `chapter` VALUES ('228', '第8章奇迹', '8', '227', '0', '0', '37', '', '0', '1', '1532149225', '1532149225');
INSERT INTO `chapter` VALUES ('229', '0005 大吗？兄弟', '5', '152', '230', '0', '38', '', '0', '1', '1532149229', '1532149229');
INSERT INTO `chapter` VALUES ('230', '0006 我想活命', '6', '229', '231', '0', '38', '', '0', '1', '1532149239', '1532149239');
INSERT INTO `chapter` VALUES ('231', '0007 死班花和活老师', '7', '230', '232', '0', '38', '', '0', '1', '1532149239', '1532149239');
INSERT INTO `chapter` VALUES ('232', '0008 末路狂奔', '8', '231', '0', '0', '38', '', '0', '1', '1532149239', '1532149239');
INSERT INTO `chapter` VALUES ('233', '第5章 人民币见过没？', '5', '156', '234', '0', '39', '', '0', '1', '1532149240', '1532149240');
INSERT INTO `chapter` VALUES ('234', '第6章 陆紫东', '6', '233', '235', '0', '39', '', '0', '1', '1532149250', '1532149250');
INSERT INTO `chapter` VALUES ('235', '第7章 虎父犬子', '7', '234', '236', '0', '39', '', '0', '1', '1532149250', '1532149250');
INSERT INTO `chapter` VALUES ('236', '第8章 戏耍纨绔少爷', '8', '235', '0', '0', '39', '', '0', '1', '1532149251', '1532149251');
INSERT INTO `chapter` VALUES ('237', '05 由她开的头', '5', '160', '238', '0', '40', '', '0', '1', '1532149251', '1532149251');
INSERT INTO `chapter` VALUES ('238', '06 进来吗？', '6', '237', '239', '0', '40', '', '0', '1', '1532149261', '1532149261');
INSERT INTO `chapter` VALUES ('239', '07 自讨没趣', '7', '238', '240', '0', '40', '', '0', '1', '1532149262', '1532149262');
INSERT INTO `chapter` VALUES ('240', '08 惹上麻烦', '8', '239', '0', '0', '40', '', '0', '1', '1532149262', '1532149262');
INSERT INTO `chapter` VALUES ('241', '005 她是小哑巴', '5', '164', '242', '0', '41', '', '0', '1', '1532149262', '1532149262');
INSERT INTO `chapter` VALUES ('242', '006 心微乱', '6', '241', '243', '0', '41', '', '0', '1', '1532149273', '1532149273');
INSERT INTO `chapter` VALUES ('243', '007 古怪的她', '7', '242', '244', '0', '41', '', '0', '1', '1532149273', '1532149273');
INSERT INTO `chapter` VALUES ('244', '008 暖', '8', '243', '0', '0', '41', '', '0', '1', '1532149273', '1532149273');
INSERT INTO `chapter` VALUES ('245', '第五章 回忆往昔 （1）', '5', '168', '246', '0', '42', '', '0', '1', '1532149273', '1532149273');
INSERT INTO `chapter` VALUES ('246', '第六章 回忆往昔（2）', '6', '245', '247', '0', '42', '', '0', '1', '1532149284', '1532149284');
INSERT INTO `chapter` VALUES ('247', '第七章 回忆往昔（3）', '7', '246', '248', '0', '42', '', '0', '1', '1532149284', '1532149284');
INSERT INTO `chapter` VALUES ('248', '第八章 回忆往昔（4）', '8', '247', '0', '0', '42', '', '0', '1', '1532149284', '1532149284');
INSERT INTO `chapter` VALUES ('249', '第5章 颠倒黑白', '5', '172', '250', '0', '43', '', '0', '1', '1532149285', '1532149285');
INSERT INTO `chapter` VALUES ('250', '第6章 出人意料', '6', '249', '251', '0', '43', '', '0', '1', '1532149295', '1532149295');
INSERT INTO `chapter` VALUES ('251', '第7章 奇怪组合', '7', '250', '252', '0', '43', '', '0', '1', '1532149295', '1532149295');
INSERT INTO `chapter` VALUES ('252', '第8章 学院生活', '8', '251', '0', '0', '43', '', '0', '1', '1532149295', '1532149295');
INSERT INTO `chapter` VALUES ('253', '第六章 发毕业证', '5', '176', '254', '0', '44', '', '0', '1', '1532149296', '1532149296');
INSERT INTO `chapter` VALUES ('254', '第七章 拿到毕业证', '6', '253', '255', '0', '44', '', '0', '1', '1532149308', '1532149308');
INSERT INTO `chapter` VALUES ('255', '第七章 拿到毕业证', '7', '254', '256', '0', '44', '', '0', '1', '1532149311', '1532149311');
INSERT INTO `chapter` VALUES ('256', '第八章 第五名来了', '8', '255', '0', '0', '44', '', '0', '1', '1532149313', '1532149313');
INSERT INTO `chapter` VALUES ('257', '第5章 重生的天才', '5', '180', '258', '0', '45', '', '0', '1', '1532149313', '1532149313');
INSERT INTO `chapter` VALUES ('258', '第6章 恐怖的领悟力', '6', '257', '259', '0', '45', '', '0', '1', '1532149323', '1532149323');
INSERT INTO `chapter` VALUES ('259', '第7章 切磋', '7', '258', '260', '0', '45', '', '0', '1', '1532149323', '1532149323');
INSERT INTO `chapter` VALUES ('260', '第8章 画中的剑', '8', '259', '0', '0', '45', '', '0', '1', '1532149324', '1532149324');
INSERT INTO `chapter` VALUES ('261', '第005章【第一件神器】', '5', '184', '262', '0', '46', '', '0', '1', '1532149324', '1532149324');
INSERT INTO `chapter` VALUES ('262', '第006章【扫把星附体】', '6', '261', '263', '0', '46', '', '0', '1', '1532149334', '1532149334');
INSERT INTO `chapter` VALUES ('263', '第007章【新手任务】', '7', '262', '264', '0', '46', '', '0', '1', '1532149335', '1532149335');
INSERT INTO `chapter` VALUES ('264', '第008章【觉醒太岁】', '8', '263', '0', '0', '46', '', '0', '1', '1532149335', '1532149335');
INSERT INTO `chapter` VALUES ('265', '5.第5章 夺妻之恨', '5', '188', '266', '0', '47', '', '0', '1', '1532149336', '1532149336');
INSERT INTO `chapter` VALUES ('266', '6.第6章 连续突破', '6', '265', '267', '0', '47', '', '0', '1', '1532149349', '1532149349');
INSERT INTO `chapter` VALUES ('267', '7.第7章 吞噬武魂', '7', '266', '268', '0', '47', '', '0', '1', '1532149350', '1532149350');
INSERT INTO `chapter` VALUES ('268', '8.第8章 极天金顶之雷动九天', '8', '267', '0', '0', '47', '', '0', '1', '1532149350', '1532149350');
INSERT INTO `chapter` VALUES ('269', '第五章 【谢绝一切荣耀】', '5', '192', '270', '0', '48', '', '0', '1', '1532149355', '1532149355');
INSERT INTO `chapter` VALUES ('270', '第六章 【还我豆花儿来！】', '6', '269', '271', '0', '48', '', '0', '1', '1532149365', '1532149365');
INSERT INTO `chapter` VALUES ('271', '第七章 【血浓于水的亲情】', '7', '270', '272', '0', '48', '', '0', '1', '1532149366', '1532149366');
INSERT INTO `chapter` VALUES ('272', '第八章 【退婚风波】', '8', '271', '0', '0', '48', '', '0', '1', '1532149366', '1532149366');
INSERT INTO `chapter` VALUES ('273', '第五章 倒霉的王贤', '5', '196', '274', '0', '49', '', '0', '1', '1532149367', '1532149367');
INSERT INTO `chapter` VALUES ('274', '第六章 复苏的新时代', '6', '273', '275', '0', '49', '', '0', '1', '1532149378', '1532149378');
INSERT INTO `chapter` VALUES ('275', '第七章 地州郡', '7', '274', '276', '0', '49', '', '0', '1', '1532149378', '1532149378');
INSERT INTO `chapter` VALUES ('276', '第八章 E级测试', '8', '275', '0', '0', '49', '', '0', '1', '1532149378', '1532149378');
INSERT INTO `chapter` VALUES ('277', '第5章 两个月内必败他', '5', '200', '278', '0', '50', '', '0', '1', '1532149379', '1532149379');
INSERT INTO `chapter` VALUES ('278', '第6章 药灵楼', '6', '277', '279', '0', '50', '', '0', '1', '1532149393', '1532149393');
INSERT INTO `chapter` VALUES ('279', '第7章 少女王婧', '7', '278', '280', '0', '50', '', '0', '1', '1532149394', '1532149394');
INSERT INTO `chapter` VALUES ('280', '第8章 问药榜', '8', '279', '0', '0', '50', '', '0', '1', '1532149397', '1532149397');
INSERT INTO `chapter` VALUES ('281', '第五章：组装', '5', '84', '282', '0', '21', '', '0', '1', '1532149400', '1532149400');
INSERT INTO `chapter` VALUES ('282', '第六章：真男人的梦想', '6', '281', '283', '0', '21', '', '0', '1', '1532149411', '1532149411');
INSERT INTO `chapter` VALUES ('283', '第七章：锻炼法', '7', '282', '284', '0', '21', '', '0', '1', '1532149412', '1532149412');
INSERT INTO `chapter` VALUES ('284', '第八章 训练', '8', '283', '0', '0', '21', '', '0', '1', '1532149412', '1532149412');
INSERT INTO `chapter` VALUES ('285', '第一章、遇见妖怪赶紧跑', '1', '0', '286', '0', '51', '', '0', '1', '1532149414', '1532149414');
INSERT INTO `chapter` VALUES ('286', '第二章、三尾妖狐', '2', '285', '287', '0', '51', '', '0', '1', '1532149424', '1532149424');
INSERT INTO `chapter` VALUES ('287', '第三章、天魔决', '3', '286', '288', '0', '51', '', '0', '1', '1532149426', '1532149426');
INSERT INTO `chapter` VALUES ('288', '第四章、荒山猎妖', '4', '287', '0', '0', '51', '', '0', '1', '1532149426', '1532149426');
INSERT INTO `chapter` VALUES ('289', '第一章 救了一只鸟', '1', '0', '290', '0', '52', '', '0', '1', '1532149428', '1532149428');
INSERT INTO `chapter` VALUES ('290', '第二章 母爱是什么？', '2', '289', '291', '0', '52', '', '0', '1', '1532149439', '1532149439');
INSERT INTO `chapter` VALUES ('291', '第三章 玄冥宗', '3', '290', '292', '0', '52', '', '0', '1', '1532149439', '1532149439');
INSERT INTO `chapter` VALUES ('292', '第四章 还了一拳', '4', '291', '0', '0', '52', '', '0', '1', '1532149439', '1532149439');
INSERT INTO `chapter` VALUES ('293', '1.第一章', '1', '0', '294', '0', '53', '', '0', '1', '1532149441', '1532149441');
INSERT INTO `chapter` VALUES ('294', '2.第二章', '2', '293', '295', '0', '53', '', '0', '1', '1532149451', '1532149451');
INSERT INTO `chapter` VALUES ('295', '3.第三章', '3', '294', '296', '0', '53', '', '0', '1', '1532149451', '1532149451');
INSERT INTO `chapter` VALUES ('296', '4.第四章', '4', '295', '0', '0', '53', '', '0', '1', '1532149451', '1532149451');
INSERT INTO `chapter` VALUES ('297', '第1章 学院疯老师', '1', '0', '298', '0', '54', '', '0', '1', '1532149453', '1532149453');
INSERT INTO `chapter` VALUES ('298', '第2章 第一笔生意', '2', '297', '299', '0', '54', '', '0', '1', '1532149463', '1532149463');
INSERT INTO `chapter` VALUES ('299', '第3章 大自在真经', '3', '298', '300', '0', '54', '', '0', '1', '1532149463', '1532149463');
INSERT INTO `chapter` VALUES ('300', '第4章 打一个试试', '4', '299', '0', '0', '54', '', '0', '1', '1532149464', '1532149464');
INSERT INTO `chapter` VALUES ('301', '第一章 涉足千山寻仙踪，却遇神鬼赐道缘', '1', '0', '302', '0', '55', '', '0', '1', '1532149465', '1532149465');
INSERT INTO `chapter` VALUES ('302', '第二章 魔音幻相种因果，不拜天仙叩魔头', '2', '301', '303', '0', '55', '', '0', '1', '1532149475', '1532149475');
INSERT INTO `chapter` VALUES ('303', '第三章 洗精伐髓恩未报，索要法器断师命', '3', '302', '304', '0', '55', '', '0', '1', '1532149476', '1532149476');
INSERT INTO `chapter` VALUES ('304', '第四章 欢喜皮囊仇为骨，初入山门显非凡', '4', '303', '0', '0', '55', '', '0', '1', '1532149476', '1532149476');
INSERT INTO `chapter` VALUES ('305', '第一章 弃子萧晨', '1', '0', '306', '0', '56', '', '0', '1', '1532149478', '1532149478');
INSERT INTO `chapter` VALUES ('306', '第二章 追杀、反杀', '2', '305', '307', '0', '56', '', '0', '1', '1532149488', '1532149488');
INSERT INTO `chapter` VALUES ('307', '第三章 涅古凰经', '3', '306', '308', '0', '56', '', '0', '1', '1532149488', '1532149488');
INSERT INTO `chapter` VALUES ('308', '第四章 废物都不如', '4', '307', '0', '0', '56', '', '0', '1', '1532149488', '1532149488');
INSERT INTO `chapter` VALUES ('309', '第一节 女神的召唤', '1', '0', '310', '0', '57', '', '0', '1', '1532149490', '1532149490');
INSERT INTO `chapter` VALUES ('310', '第二节 从时空中走到荣耀时代', '2', '309', '311', '0', '57', '', '0', '1', '1532149500', '1532149500');
INSERT INTO `chapter` VALUES ('311', '第三节 皮皮克克', '3', '310', '312', '0', '57', '', '0', '1', '1532149500', '1532149500');
INSERT INTO `chapter` VALUES ('312', '第四节 黑化精灵', '4', '311', '0', '0', '57', '', '0', '1', '1532149500', '1532149500');
INSERT INTO `chapter` VALUES ('313', '楔子', '1', '0', '314', '0', '58', '', '0', '1', '1532149504', '1532149504');
INSERT INTO `chapter` VALUES ('314', '第一章 若我有万夫力', '2', '313', '315', '0', '58', '', '0', '1', '1532149515', '1532149515');
INSERT INTO `chapter` VALUES ('315', '第二章 好想笑', '3', '314', '316', '0', '58', '', '0', '1', '1532149515', '1532149515');
INSERT INTO `chapter` VALUES ('316', '第三章 大当家', '4', '315', '0', '0', '58', '', '0', '1', '1532149515', '1532149515');
INSERT INTO `chapter` VALUES ('317', '第一章 乱世遇贤', '1', '0', '318', '0', '59', '', '0', '1', '1532149517', '1532149517');
INSERT INTO `chapter` VALUES ('318', '第二章 初入学堂', '2', '317', '319', '0', '59', '', '0', '1', '1532149527', '1532149527');
INSERT INTO `chapter` VALUES ('319', '第三章 初生牛犊', '3', '318', '320', '0', '59', '', '0', '1', '1532149527', '1532149527');
INSERT INTO `chapter` VALUES ('320', '第四章 谆谆教导： 第一节 识文断武', '4', '319', '0', '0', '59', '', '0', '1', '1532149528', '1532149528');

-- ----------------------------
-- Table structure for `novel`
-- ----------------------------
DROP TABLE IF EXISTS `novel`;
CREATE TABLE `novel` (
  `n_id` int(8) NOT NULL AUTO_INCREMENT,
  `c_id` int(3) NOT NULL,
  `c_name` varchar(20) NOT NULL,
  `novel_name` varchar(100) NOT NULL,
  `novel_name_pinyin` varchar(40) NOT NULL,
  `novel_cover_path` varchar(50) DEFAULT NULL,
  `novel_intro` text,
  `postdate` int(11) NOT NULL,
  `lastupdate` int(11) NOT NULL,
  `lastchapter_id` int(11) NOT NULL,
  `lastchapter` varchar(100) DEFAULT NULL,
  `author_id` int(6) DEFAULT NULL,
  `author` varchar(40) DEFAULT NULL,
  `initial` char(1) DEFAULT NULL,
  `visit` int(11) NOT NULL DEFAULT '0',
  `show` tinyint(1) NOT NULL DEFAULT '1',
  `finish` tinyint(1) NOT NULL DEFAULT '0' COMMENT '0为未正在连载中，1为已完结',
  PRIMARY KEY (`n_id`)
) ENGINE=MyISAM AUTO_INCREMENT=60 DEFAULT CHARSET=utf8;

-- ----------------------------
-- Records of novel
-- ----------------------------
INSERT INTO `novel` VALUES ('1', '1', '', '圣灵领主', 'shenglinglingzhu', null, '<b>小说圣灵领主简介：</b><br>    天启大陆，人，妖，兽等种族间的厮杀，各地人与人的矛盾不断。而我又是怎样的存在，一步步变强成为一方权主吗?\n    各位书友要是觉得《圣灵领主》还不错的话请不要忘记向您QQ群和微博里的朋友推荐哦！圣灵领主最新章节,圣灵领主无弹窗,圣灵领主全文阅读.\n各位书友要是觉得《圣灵领主》还不错的话请不要忘记向您QQ群和微博里的朋友推荐哦！<b>关键词：</b>圣灵领主最新章节,圣灵领主无弹窗,圣灵领主全文阅读.', '1532084127', '1532084127', '4', '第四章 上不去的树', '1', null, 's', '0', '1', '0');
INSERT INTO `novel` VALUES ('2', '1', '', '战动洪荒', 'zhandonghonghuang', null, '<b>小说战动洪荒简介：</b><br>    洪荒之地，九域争锋；无尽风采，尽在其中！\n    天地奥妙，水火风雷，世界之大，灵武神法！\n    武之世界，神通繁冗；绝世之属，堪堪八种！\n    水之奥妙，当属龙祖；火之奥妙，源自凤母；\n    风之奥妙，鲲鹏一族；雷之奥妙，麒麟翘楚；\n    时间之术，世所罕见；空间之力，谁能抗衡；\n    唯有永恒，星辰之中；光之圣子，天下之主！\n    另有洪荒，火中之王；号令九域，莫敢不从！\n    一个饱受磨难的的少年，一段艰辛的磨砺旅程，一颗永不磨灭的恒心，一条通向无敌的道路！\n    母亲到底在哪里？父亲的怪异行为意味着什么？玉符之中的生命和母亲究竟是什么关系？太古血脉的源头......\n    各位书友要是觉得《战动洪荒》还不错的话请不要忘记向您QQ群和微博里的朋友推荐哦！战动洪荒最新章节,战动洪荒无弹窗,战动洪荒全文阅读.\n各位书友要是觉得《战动洪荒》还不错的话请不要忘记向您QQ群和微博里的朋友推荐哦！<b>关键词：</b>战动洪荒最新章节,战动洪荒无弹窗,战动洪荒全文阅读.', '1532084139', '1532084139', '8', '第四章 变态折磨', '2', null, 'z', '0', '1', '0');
INSERT INTO `novel` VALUES ('3', '1', '', '鸿蒙帝尊', 'hongmengdizun', null, '<b>小说鸿蒙帝尊简介：</b><br>    一名沦为奴隶的侯府庶子，遇到了一名自称血衣大帝的女童……自此，他背负开天之命，为帝中之尊。\n    各位书友要是觉得《鸿蒙帝尊》还不错的话请不要忘记向您QQ群和微博里的朋友推荐哦！鸿蒙帝尊最新章节,鸿蒙帝尊无弹窗,鸿蒙帝尊全文阅读.\n各位书友要是觉得《鸿蒙帝尊》还不错的话请不要忘记向您QQ群和微博里的朋友推荐哦！<b>关键词：</b>鸿蒙帝尊最新章节,鸿蒙帝尊无弹窗,鸿蒙帝尊全文阅读.', '1532084152', '1532084152', '12', '第4章 认清真我', '3', null, 'h', '0', '1', '0');
INSERT INTO `novel` VALUES ('4', '1', '', '混沌初始', 'hundunchushi', null, '<b>小说混沌初始简介：</b><br>    腹藏万卷书的天才少年云飞，意外流落异界，太极拳大放神威，分子理论创新炼丹，电子技术指导阵法，借助现代科学技术知识扬威异界，去追寻盘古、女娲的足迹……\n    各位书友要是觉得《混沌初始》还不错的话请不要忘记向您QQ群和微博里的朋友推荐哦！混沌初始最新章节,混沌初始无弹窗,混沌初始全文阅读.\n各位书友要是觉得《混沌初始》还不错的话请不要忘记向您QQ群和微博里的朋友推荐哦！<b>关键词：</b>混沌初始最新章节,混沌初始无弹窗,混沌初始全文阅读.', '1532084168', '1532084168', '16', '第四章 武徒初期', '4', null, 'h', '0', '1', '0');
INSERT INTO `novel` VALUES ('5', '1', '', '纯阳武神', 'chunyangwushen', null, '<b>小说纯阳武神简介：</b><br>各位书友要是觉得《纯阳武神》还不错的话请不要忘记向您QQ群和微博里的朋友推荐哦！<b>关键词：</b>纯阳武神最新章节,纯阳武神无弹窗,纯阳武神全文阅读.', '1532084181', '1532084181', '20', '第二章 巅峰', '5', null, 'c', '0', '1', '0');
INSERT INTO `novel` VALUES ('6', '1', '', '超级孩子王', 'chaojihaiziwang', null, '<b>小说超级孩子王简介：</b><br>    张扬是个孤儿，他一直很努力，很努力的活着。\n    直到有一天，他得到了意外的收获。\n    然后他继续很努力，很努力的活着。\n    各位书友要是觉得《超级孩子王》还不错的话请不要忘记向您QQ群和微博里的朋友推荐哦！超级孩子王最新章节,超级孩子王无弹窗,超级孩子王全文阅读.\n各位书友要是觉得《超级孩子王》还不错的话请不要忘记向您QQ群和微博里的朋友推荐哦！<b>关键词：</b>超级孩子王最新章节,超级孩子王无弹窗,超级孩子王全文阅读.', '1532084193', '1532084193', '24', '第三章 讨债', '6', null, 'c', '0', '1', '0');
INSERT INTO `novel` VALUES ('7', '1', '', '都市至尊药皇', 'dushizhizunyaohuang', null, '<b>小说都市至尊药皇简介：</b><br>    古有神农尝百草,定药性。\n    今有药皇悬壶济世。\n    有人问夏君，为何你金针救人用左手，而不是用右手。\n    夏君：因为右手杀人更方便一些，右手是用来杀人的。\n    各位书友要是觉得《都市至尊药皇》还不错的话请不要忘记向您QQ群和微博里的朋友推荐哦！都市至尊药皇最新章节,都市至尊药皇无弹窗,都市至尊药皇全文阅读.\n各位书友要是觉得《都市至尊药皇》还不错的话请不要忘记向您QQ群和微博里的朋友推荐哦！<b>关键词：</b>都市至尊药皇最新章节,都市至尊药皇无弹窗,都市至尊药皇全文阅读.', '1532084206', '1532084206', '28', '第四章 家族弃子', '7', null, 'd', '0', '1', '0');
INSERT INTO `novel` VALUES ('8', '1', '', '冥界归来当奶爸', 'mingjieguilaidangnaiba', null, '<b>小说冥界归来当奶爸简介：</b><br>    炼狱三百年\n    一代幽冥鬼王重返人间\n    他能为亲生女儿摘下天上的星星\n    他能把妻子宠得像个小孩\n    他是一切破坏他幸福人生的人的梦魇\n    各位书友要是觉得《冥界归来当奶爸》还不错的话请不要忘记向您QQ群和微博里的朋友推荐哦！冥界归来当奶爸最新章节,冥界归来当奶爸无弹窗,冥界归来当奶爸全文阅读.\n各位书友要是觉得《冥界归来当奶爸》还不错的话请不要忘记向您QQ群和微博里的朋友推荐哦！<b>关键词：</b>冥界归来当奶爸最新章节,冥界归来当奶爸无弹窗,冥界归来当奶爸全文阅读.', '1532084218', '1532084218', '32', '第四章 小孩就应该偏食', '8', null, 'm', '0', '1', '0');
INSERT INTO `novel` VALUES ('9', '1', '', '丑女种田：山里汉宠妻无度', 'chounvzhongtianshanlihanchongqiwudu', null, '<b>小说丑女种田：山里汉宠妻无度简介：</b><br>    又胖又傻的丑女杨若晴在村子里备受嘲弄，被订了娃娃亲的男人逼迫跳河。再次醒来，身体里灵魂被顶级特工取代，面对一贫如洗的家境，她带领全家，从一点一滴辛勤种田，渐渐的家致富起来。在努力种田的同时，她治好暗伤，身材变好，成了大美人，山里的猎户汉子在她从丑到美都不离不弃，宠溺无度，比手无缚鸡之力的书生好多了，岂料猎户汉子不单纯，他的身份竟然不一般。\n    \n    各位书友要是觉得《丑女种田：山里汉宠妻无度》还不错的话请不要忘记向您QQ群和微博里的朋友推荐哦！丑女种田：山里汉宠妻无度最新章节,丑女种田：山里汉宠妻无度无弹窗,丑女种田：山里汉宠妻无度全文阅读.\n各位书友要是觉得《丑女种田：山里汉宠妻无度》还不错的话请不要忘记向您QQ群和微博里的朋友推荐哦！<b>关键词：</b>丑女种田：山里汉宠妻无度最新章节,丑女种田：山里汉宠妻无度无弹窗,丑女种田：山里汉宠妻无度全文阅读.', '1532084235', '1532084235', '36', '第1432章 传个话（二更）', '9', null, 'c', '0', '1', '0');
INSERT INTO `novel` VALUES ('10', '1', '', '禅修', 'chanxiu', null, '<b>小说禅修简介：</b><br>    他、一个来自异世界的神秘孤儿，从一个村落开始，凭借着自己的头脑与修为，建立了一个神秘的组织，最终成为了一统天下的霸主，在他渡劫之时，却又为整个大陆留下了另一份流传千年的遗产。\n    各位书友要是觉得《禅修》还不错的话请不要忘记向您QQ群和微博里的朋友推荐哦！禅修最新章节,禅修无弹窗,禅修全文阅读.\n各位书友要是觉得《禅修》还不错的话请不要忘记向您QQ群和微博里的朋友推荐哦！<b>关键词：</b>禅修最新章节,禅修无弹窗,禅修全文阅读.', '1532084249', '1532084249', '40', '第4章 金乌白家', '10', null, 'c', '0', '1', '0');
INSERT INTO `novel` VALUES ('11', '1', '', '量子意志', 'liangziyizhi', null, '<b>小说量子意志简介：</b><br>    魔兽践踏，巨龙咆哮，巫师诅咒，魔法璀璨之光照耀知识灯塔！\n    各位书友要是觉得《量子意志》还不错的话请不要忘记向您QQ群和微博里的朋友推荐哦！量子意志最新章节,量子意志无弹窗,量子意志全文阅读.\n各位书友要是觉得《量子意志》还不错的话请不要忘记向您QQ群和微博里的朋友推荐哦！<b>关键词：</b>量子意志最新章节,量子意志无弹窗,量子意志全文阅读.', '1532084262', '1532084262', '44', '第四章:选拔前夕', '11', null, 'l', '0', '1', '0');
INSERT INTO `novel` VALUES ('12', '1', '', '不二修仙', 'buerxiuxian', null, '<b>小说不二修仙简介：</b><br>    大千世界绚丽繁华，而我平平淡淡，无欲无求。想来，我生而平凡。可是自从发生那件事后，我重新定义了自我――我本顺天应命，理应拒绝平庸。来自一位网瘾少年的穿越奇遇\n    各位书友要是觉得《不二修仙》还不错的话请不要忘记向您QQ群和微博里的朋友推荐哦！不二修仙最新章节,不二修仙无弹窗,不二修仙全文阅读.\n各位书友要是觉得《不二修仙》还不错的话请不要忘记向您QQ群和微博里的朋友推荐哦！<b>关键词：</b>不二修仙最新章节,不二修仙无弹窗,不二修仙全文阅读.', '1532084276', '1532084276', '48', '第4章 道歉？', '12', null, 'b', '0', '1', '0');
INSERT INTO `novel` VALUES ('13', '1', '', '劫逆乾坤', 'jieniqiankun', null, '<b>小说劫逆乾坤简介：</b><br>    正果终究不是修来的，而是道祖，是仙君指定，他们让谁得道，谁便可以得道，哪怕心中无道也无妨。\n    各位书友要是觉得《劫逆乾坤》还不错的话请不要忘记向您QQ群和微博里的朋友推荐哦！劫逆乾坤最新章节,劫逆乾坤无弹窗,劫逆乾坤全文阅读.\n各位书友要是觉得《劫逆乾坤》还不错的话请不要忘记向您QQ群和微博里的朋友推荐哦！<b>关键词：</b>劫逆乾坤最新章节,劫逆乾坤无弹窗,劫逆乾坤全文阅读.', '1532084288', '1532084288', '52', '第四章 龙城东沙', '13', null, 'j', '0', '1', '0');
INSERT INTO `novel` VALUES ('14', '1', '', '纵天玄帝', 'zongtianxuandi', null, '<b>小说纵天玄帝简介：</b><br>    心守除魔道，战甲护苍生。剑光杀万里，丹火耀九州！天元大陆五圣之首的至上神帝叶玄陨落后，重生在三万六千年后一个同名同姓的废柴少年身上，且看他如何一步一个脚印，再吃苦中苦中苦，重做人上人上人！寻过往，登神境，解开那万古玄迷！无敌爽文，从第一个字爽到最后一个字！\n    各位书友要是觉得《纵天玄帝》还不错的话请不要忘记向您QQ群和微博里的朋友推荐哦！纵天玄帝最新章节,纵天玄帝无弹窗,纵天玄帝全文阅读.\n各位书友要是觉得《纵天玄帝》还不错的话请不要忘记向您QQ群和微博里的朋友推荐哦！<b>关键词：</b>纵天玄帝最新章节,纵天玄帝无弹窗,纵天玄帝全文阅读.', '1532084300', '1532084300', '56', '第4章 暴打', '14', null, 'z', '0', '1', '0');
INSERT INTO `novel` VALUES ('15', '1', '', '极品狂医', 'jipinkuangyi', null, '<b>小说极品狂医简介：</b><br>    111\n    各位书友要是觉得《极品狂医》还不错的话请不要忘记向您QQ群和微博里的朋友推荐哦！极品狂医最新章节,极品狂医无弹窗,极品狂医全文阅读.\n各位书友要是觉得《极品狂医》还不错的话请不要忘记向您QQ群和微博里的朋友推荐哦！<b>关键词：</b>极品狂医最新章节,极品狂医无弹窗,极品狂医全文阅读.', '1532084313', '1532084313', '60', '第0004章 主任的把柄', '15', null, 'j', '0', '1', '0');
INSERT INTO `novel` VALUES ('16', '1', '', '万道祖师', 'wandaozushi', null, '<b>小说万道祖师简介：</b><br>    天下万物，皆有其道，达者为师！为师者，自是要教化天下，为万道祖师！\n    \n    各位书友要是觉得《万道祖师》还不错的话请不要忘记向您QQ群和微博里的朋友推荐哦！万道祖师最新章节,万道祖师无弹窗,万道祖师全文阅读.\n各位书友要是觉得《万道祖师》还不错的话请不要忘记向您QQ群和微博里的朋友推荐哦！<b>关键词：</b>万道祖师最新章节,万道祖师无弹窗,万道祖师全文阅读.', '1532084326', '1532084326', '64', '第四章 少年收徒（下）', '16', null, 'w', '0', '1', '0');
INSERT INTO `novel` VALUES ('17', '1', '', '奇幻异典', 'qihuanyidian', null, '<b>小说奇幻异典简介：</b><br>    他是危险品\n    本文将于2018.5.2周三入v哦，届时三更，还请多支持正版，么么哒\n    cp：深白vs林渊\n    两个人的小片段：\n    攻：我是深白\n    旁：呃……有姓深的吗？\n    深白^^：有哦，《现代汉语字典》，第3090页上的倒数第二段。\n    别人都认为是真的了，只有林渊后来真的去查了。\n    然而，并没有。 ????\n    各位书友要是觉得《奇幻异典》还不错的话请不要忘记向您QQ群和微博里的朋友推荐哦！奇幻异典最新章节,奇幻异典无弹窗,奇幻异典全文阅读.\n各位书友要是觉得《奇幻异典》还不错的话请不要忘记向您QQ群和微博里的朋友推荐哦！<b>关键词：</b>奇幻异典最新章节,奇幻异典无弹窗,奇幻异典全文阅读.', '1532084338', '1532084338', '68', '4.第四章', '17', null, 'q', '0', '1', '0');
INSERT INTO `novel` VALUES ('18', '1', '', '重生之女将归来', 'zhongshengzhinvjiangguilai', null, '<b>小说重生之女将归来简介：</b><br>    十岁时，她弯弓能射中红心，持枪能行云流水，剑法如神。\n    十三岁时，她随父上阵杀敌，巾帼不让须眉，立下无数汗马功劳。\n    她，是忧都冷艳四方的女诸葛，无忧城历史上第一个女丞相兼女将军，守护忧都是她一生的指责。\n    就是这样一位满腔热血的爱国奇女子，别有一番英气之美，令所有人闻风丧胆，唯恐避之不及。浑身上下散发出杀伐的戾气，特别寒人。\n    这是一部现代女医生穿越到古国后戎马征战的故事，虽为女子，丝毫不比男儿逊色，在这个嗜血的乱世里，她见到了什么是尸横遍野，血溅城河，命运将她一步一步推动上前，为了活下去，也为了正饱受被战乱摧残的无辜百姓，浴血重生的她拿起利刃，从死人堆里爬出来，浴血奋战，开始了一页华丽时代的新诗篇。\n    这本小说已经存稿四十万字，长篇，预计一百万字左右，本人每天码字一万左右，年后3月份能全部写完，每周七更，每天晚上八点更新，不会拖更和断更，每天都会有精彩内容，感谢收藏与留言。\n    现代脑外科医生洛凡给病人进行的手术意外失败，被死者疯狂的父亲捅了一刀，灵魂穿越到远古时代忧都守护神叶雪言身上，叶雪言是叶家传世人，白玉令牌的主人，忧都历史上第一位女丞相兼女将军，无忧城中冷艳四方的女诸葛，为人寡默少言，不苟言笑，一身红衣似火妖娆，隐隐透着寒气，冰冷高贵中夺人魂魄。\n    浔国是当今世上第一大国，浔国大将军柳无痕，也是墨羽阁阁主，手上死侍众多，手握白羽军，常年出征，战功累累，被称为白袍战神，只凭柳无痕三字足以守疆，单靠白羽军三字足以扩土，杀伐决断，弹指即成。\n    浔国有了柳无痕这一大将，短短几年时间就将周边小国全部收复，划为国土，却迟迟没有拿下忧都这一座城池，只因城内有叶雪言坐镇，加上无忧城地势险要且复杂，易守难攻，柳无痕每次与叶雪言交战皆是溃败而归，从未遇到过劲敌的二人在战场中棋逢对手，生生相惜，产生爱恋。\n    洛凡穿越过来成为叶雪言之后觉得柳无痕与自己男友长相酷似，瞬间坠入爱河，此时无忧城朝政被刚刚立为新后的菱王妃所控制，菱王妃向来嫉恨叶雪言，暗中陷害叶家，使叶家惨遭灭门，叶雪言一身重伤欲想跑到浔国，在船上被杀手打落江中，却被渔夫所救，阴差阳错的来到了浔国，和柳无痕在了一起。\n    此时武功高强，城府极深的浔国王爷傅晟暗藏谋反之心，笼络朝中大臣，柳无痕是他谋反大业的重大绊脚石，于是暗中和菱王妃勾结，意欲除掉二人，一场重大的阴谋之战就此打响……\n    各位书友要是觉得《重生之女将归来》还不错的话请不要忘记向您QQ群和微博里的朋友推荐哦！重生之女将归来最新章节,重生之女将归来无弹窗,重生之女将归来全文阅读.\n各位书友要是觉得《重生之女将归来》还不错的话请不要忘记向您QQ群和微博里的朋友推荐哦！<b>关键词：</b>重生之女将归来最新章节,重生之女将归来无弹窗,重生之女将归来全文阅读.', '1532084352', '1532084352', '72', '茶中之魂', '18', null, 'z', '0', '1', '0');
INSERT INTO `novel` VALUES ('19', '1', '', '神龙佩', 'shenlongpei', null, '<b>小说神龙佩简介：</b><br>    百世追随的轮回，只为跟紧你冲天的步伐；\n    万载寻觅的冬夏，愿意俯首身下凤冠再嫁；\n    生死劫数的挣扎，不畏神殇倾听众生离花。\n    不求亘古繁华，不愿永恒牵挂，唯有烟花刹那！\n    纵然天地不容，万劫不复，我自笑叹年华！\n    我叶枫，舍身成仁，却让众生顶礼膜拜！\n    我叶枫，不惧身死，却让天地为之颤抖！\n    求收藏，求鲜花，求打赏！！！\n    各位书友要是觉得《神龙佩》还不错的话请不要忘记向您QQ群和微博里的朋友推荐哦！神龙佩最新章节,神龙佩无弹窗,神龙佩全文阅读.\n各位书友要是觉得《神龙佩》还不错的话请不要忘记向您QQ群和微博里的朋友推荐哦！<b>关键词：</b>神龙佩最新章节,神龙佩无弹窗,神龙佩全文阅读.', '1532084364', '1532084364', '76', '第6章 父亲叶天', '19', null, 's', '0', '1', '0');
INSERT INTO `novel` VALUES ('20', '1', '', '反派公敌', 'fanpaigongdi', null, '<b>小说反派公敌简介：</b><br>    携造化玉碟穿越异界，牧均苦修多年，悟三千大道、八百旁门，融纳一百二十世记忆，修为大成，臻至世间顶峰，出世行道。\n    然而一个不留神，他竟混成了正道栋梁，一切妖魔鬼怪眼中的终极boss，最大公敌……\n    PS：本书是半无敌流，主角出场就是最最顶尖的强者，可以参考一些洪荒流的主角。本人是老作者，完结过两本了，信誉有保障，欢迎入坑。(^_^)\n    各位书友要是觉得《反派公敌》还不错的话请不要忘记向您QQ群和微博里的朋友推荐哦！反派公敌最新章节,反派公敌无弹窗,反派公敌全文阅读.\n各位书友要是觉得《反派公敌》还不错的话请不要忘记向您QQ群和微博里的朋友推荐哦！<b>关键词：</b>反派公敌最新章节,反派公敌无弹窗,反派公敌全文阅读.', '1532084376', '1532084376', '80', '第四章 衣冠勤售', '20', null, 'f', '0', '1', '0');
INSERT INTO `novel` VALUES ('21', '1', '', '叛星', 'panxing', null, '<b>小说叛星简介：</b><br>    一位在最落后星球的底层拾荒少年，只因一个被一个神秘的智能，从此浩瀚的宇宙甚至更大的舞台开始向他打开了大门。\n    各位书友要是觉得《叛星》还不错的话请不要忘记向您QQ群和微博里的朋友推荐哦！叛星最新章节,叛星无弹窗,叛星全文阅读.\n各位书友要是觉得《叛星》还不错的话请不要忘记向您QQ群和微博里的朋友推荐哦！<b>关键词：</b>叛星最新章节,叛星无弹窗,叛星全文阅读.', '1532084389', '1532084389', '284', '第八章 训练', '21', null, 'p', '0', '1', '0');
INSERT INTO `novel` VALUES ('22', '1', '', '潜幻', 'qianhuan', null, '<b>小说潜幻简介：</b><br>    一个清晰的历史对应着一个充满未知的将来，一切将要发生的事情，这是早已安排好的，还是随着时间空间所发展的，一切的答案就在那不为所知的潜规则里。一团意识经过自己的想法创造了一切，在潜虚化掉后暗黑破坏者诞生，穿越时空来到代，存在于未知领域的潜规则，寄出一股强大的意识遇到了我们的有缘人耀易祥，打破了在上学无聊的境遇因此在一片祥和生活中，能够跟暗黑破坏者对抗的人类诞生了。\n    各位书友要是觉得《潜幻》还不错的话请不要忘记向您QQ群和微博里的朋友推荐哦！潜幻最新章节,潜幻无弹窗,潜幻全文阅读.\n各位书友要是觉得《潜幻》还不错的话请不要忘记向您QQ群和微博里的朋友推荐哦！<b>关键词：</b>潜幻最新章节,潜幻无弹窗,潜幻全文阅读.', '1532084401', '1532084401', '88', '第4章 “时间领域”', '22', null, 'q', '0', '1', '0');
INSERT INTO `novel` VALUES ('23', '1', '', '带着系统来修真', 'daizhexitonglaixiuzhen', null, '<b>小说带着系统来修真简介：</b><br>    意外穿越的姜涛，附体在了一个受尽欺凌的旁支子弟身上，本想安然度过一生，奈何世事无常，不光麻烦不断，还多了一个便宜妹妹！不过还好，我有系统傍身！打不过对方？来系统给我上个不死BUFF！拼消耗也要灭掉他！没有功法？来系统兑换！没有武器？来系统商店随便选，想要丹药？很简单，信系统，丹药吃到吐！就问你，服不服！\n    各位书友要是觉得《带着系统来修真》还不错的话请不要忘记向您QQ群和微博里的朋友推荐哦！带着系统来修真最新章节,带着系统来修真无弹窗,带着系统来修真全文阅读.\n各位书友要是觉得《带着系统来修真》还不错的话请不要忘记向您QQ群和微博里的朋友推荐哦！<b>关键词：</b>带着系统来修真最新章节,带着系统来修真无弹窗,带着系统来修真全文阅读.', '1532084414', '1532084414', '92', '004.狩猎', '23', null, 'd', '0', '1', '0');
INSERT INTO `novel` VALUES ('24', '1', '', '大道诛天', 'dadaozhutian', null, '<b>小说大道诛天简介：</b><br>    一滴水可灭世，一株草可诛天！白衣少年，年少轻狂，武魄被废，却得意外传承，重踏强者之路。看他如何以最低级的一株草武魄踏临巅峰，成就传奇！\n    各位书友要是觉得《大道诛天》还不错的话请不要忘记向您QQ群和微博里的朋友推荐哦！大道诛天最新章节,大道诛天无弹窗,大道诛天全文阅读.\n各位书友要是觉得《大道诛天》还不错的话请不要忘记向您QQ群和微博里的朋友推荐哦！<b>关键词：</b>大道诛天最新章节,大道诛天无弹窗,大道诛天全文阅读.', '1532084432', '1532084432', '96', '第四章 讲武堂', '24', null, 'd', '0', '1', '0');
INSERT INTO `novel` VALUES ('25', '1', '', '辣手凰后', 'lashouhuanghou', null, '<b>小说辣手凰后简介：</b><br>    沉迷狩猎，流连裙摆，贬忠杀正，只信小人。\n    三年人前醉疯傻，原是等你来重生。\n    看一个弱女子，如何养成读心术，穿梭在忠佞之间看透真假。\n    历经一次又一次的谍中谍教训，她是如何在五个丞相中力挽狂澜，绝忠、绝佞、绝后，只为君王你一句“凤颜一开，龙身自现”。\n    欢迎指点，扣扣：2509438438\n    各位书友要是觉得《辣手凰后》还不错的话请不要忘记向您QQ群和微博里的朋友推荐哦！辣手凰后最新章节,辣手凰后无弹窗,辣手凰后全文阅读.\n各位书友要是觉得《辣手凰后》还不错的话请不要忘记向您QQ群和微博里的朋友推荐哦！<b>关键词：</b>辣手凰后最新章节,辣手凰后无弹窗,辣手凰后全文阅读.', '1532084445', '1532084445', '100', '4，五丞相夜聚寻太子', '25', null, 'l', '0', '1', '0');
INSERT INTO `novel` VALUES ('26', '1', '', '沐寒修仙传', 'muhanxiuxianchuan', null, '<b>小说沐寒修仙传简介：</b><br>    不愿修仙奈何修仙路越走越远\n    各位书友要是觉得《沐寒修仙传》还不错的话请不要忘记向您QQ群和微博里的朋友推荐哦！沐寒修仙传最新章节,沐寒修仙传无弹窗,沐寒修仙传全文阅读.\n各位书友要是觉得《沐寒修仙传》还不错的话请不要忘记向您QQ群和微博里的朋友推荐哦！<b>关键词：</b>沐寒修仙传最新章节,沐寒修仙传无弹窗,沐寒修仙传全文阅读.', '1532084457', '1532084457', '104', '第四章 礼物', '26', null, 'm', '0', '1', '0');
INSERT INTO `novel` VALUES ('27', '1', '', '密爱追凶：男神住隔壁', 'miaizhuixiongnanshenzhugebi', null, '<b>小说密爱追凶：男神住隔壁简介：</b><br>    【犯罪心理悬疑倒追萌宠】\n    季茜和宋臻对彼此的印象出奇一致：什么样的主人养什么样的狗！\n    季茜：你丫的就放冷气吓人吧，充其量就是个傻B的二哈。\n    宋臻：古装花旦？冰清玉洁？呵，和泰迪一个德行――色。\n    追到手后，高冷男神被痴汉拽下神坛，属性颠倒。\n    季茜：宋臻，你属狗的吗！竟然咬……\n    宋臻：不，我比你家泰迪专情，只对你有感觉。\n    季茜：……\n    男人看着怀里脸一点点熟透的女人，邪魅地笑了。他怀里的这只，还真是像极了又萌又软的二哈。\n    【惊悚版简介】\n    季茜身边有个双重人格的朋友，她以为这已经是她接近心理学的极限，却万万没有想到，因为花痴男神推开隔壁的门，从此打开了一个全新的世界。\n    连环杀手、反社会人格、纵火犯、恋物癖、肢解、标本、血色……从前在剧本里才会接触的世界，从荧幕落到世间，令人胆战心惊。\n    而他们的爱情在密案追凶的过程中，绚烂绽放，如福尔马林浸泡过一般，永不褪色。\n    【精彩片段】\n    季茜盘腿坐在沙发上，抱着泰迪，一手顺毛一手托腮，扑闪着大眼睛好奇地问：“咱们宋队侧写了那么多犯罪画像，那能不能侧写下我呢？”\n    “不能。”\n    “为什么？”\n    男人凑近，无情地拎起泰迪的脖子将它丢到了沙发下，回道：“因为只要想到你，我就忍不住想要犯罪。”说完，一口撷住了娇艳的红唇。\n    本文又名《扑倒男神99次》、《忠犬突袭：娇妻放肆宠》、《隔壁男神太高冷》，简介无能，坑底厚实，欢迎入坑。\n    强推长歌旧文：《千金来袭：傲娇竹马请接招》，女主就是季茜那个双重人格的朋友，男主是作者君最爱的男神――影帝秦风，没有之一！青梅竹马文！\n    各位书友要是觉得《密爱追凶：男神住隔壁》还不错的话请不要忘记向您QQ群和微博里的朋友推荐哦！密爱追凶：男神住隔壁最新章节,密爱追凶：男神住隔壁无弹窗,密爱追凶：男神住隔壁全文阅读.\n各位书友要是觉得《密爱追凶：男神住隔壁》还不错的话请不要忘记向您QQ群和微博里的朋友推荐哦！<b>关键词：</b>密爱追凶：男神住隔壁最新章节,密爱追凶：男神住隔壁无弹窗,密爱追凶：男神住隔壁全文阅读.', '1532084472', '1532084472', '108', '004 你好，大叔', '27', null, 'm', '0', '1', '0');
INSERT INTO `novel` VALUES ('28', '1', '', '我的漫画家攻略', 'wodemanhuajiagonglue', null, '<b>小说我的漫画家攻略简介：</b><br>    一个三流小说家因为死神的失误，而丢掉了生命。死神为了弥补过失，给了他一枚漫画胶囊，并让其投胎到了一个画过一部同人志的大学生身上。　　这个世界，漫画有很高的热度，而主角也从一个同人漫画家，开始了成为顶级漫画家的攻略。\n    \n    各位书友要是觉得《我的漫画家攻略》还不错的话请不要忘记向您QQ群和微博里的朋友推荐哦！我的漫画家攻略最新章节,我的漫画家攻略无弹窗,我的漫画家攻略全文阅读.\n各位书友要是觉得《我的漫画家攻略》还不错的话请不要忘记向您QQ群和微博里的朋友推荐哦！<b>关键词：</b>我的漫画家攻略最新章节,我的漫画家攻略无弹窗,我的漫画家攻略全文阅读.', '1532084487', '1532084487', '112', '第3章 三流也是“流”', '28', null, 'w', '0', '1', '0');
INSERT INTO `novel` VALUES ('29', '1', '', '天下珍藏', 'tianxiazhencang', null, '<b>小说天下珍藏简介：</b><br>    回来了，新书开始起航，寻宝探险类型的，天下珍藏，希望大家继续支持，谢谢。\n    各位书友要是觉得《天下珍藏》还不错的话请不要忘记向您QQ群和微博里的朋友推荐哦！天下珍藏最新章节,天下珍藏无弹窗,天下珍藏全文阅读.\n各位书友要是觉得《天下珍藏》还不错的话请不要忘记向您QQ群和微博里的朋友推荐哦！<b>关键词：</b>天下珍藏最新章节,天下珍藏无弹窗,天下珍藏全文阅读.', '1532084500', '1532084500', '116', '第4章 二三十万', '29', null, 't', '0', '1', '0');
INSERT INTO `novel` VALUES ('30', '1', '', '逍遥小村医', 'xiaoyaoxiaocunyi', null, '<b>小说逍遥小村医简介：</b><br>    村医郭小海宣言：为人民服务！\n    捉个鱼、养养虾，种点小田逗村花，别看咱是小村医，出人头地野心大！\n    师姐一块行行医，村长夫人拉拉呱。“发达秘籍”异能在，权财两赚乐逍遥！\n    大姑娘，小媳妇，万亩别墅算个啥，开豪车，住洋房，不如升官做栋梁！\n    富家小姐别高冷，干部千金别傲娇，等你上门求到咱，未必能入哥的眼。\n    小村医，志气大，布局全球产业大，开荒拓土斗财阀，为国为民争天下！\n    粉丝Q群：西山大营 657125204  欢迎加入！\n    各位书友要是觉得《逍遥小村医》还不错的话请不要忘记向您QQ群和微博里的朋友推荐哦！逍遥小村医最新章节,逍遥小村医无弹窗,逍遥小村医全文阅读.\n各位书友要是觉得《逍遥小村医》还不错的话请不要忘记向您QQ群和微博里的朋友推荐哦！<b>关键词：</b>逍遥小村医最新章节,逍遥小村医无弹窗,逍遥小村医全文阅读.', '1532084512', '1532084512', '120', '第4章 大树洞里的故事', '30', null, 'x', '0', '1', '0');
INSERT INTO `novel` VALUES ('31', '1', '', '极品仙尊混都市', 'jipinxianzunhundushi', null, '<b>小说极品仙尊混都市简介：</b><br>    极品仙尊重归都市，各种艳遇接踵而来。\n    痴情女友、冰山美女总裁、冷艳校花、可爱邻家萝莉、绝美女兵王……\n    且看陆天阳如何踩尽天下仇敌，揽尽国色天香，再度君临寰宇！\n    各位书友要是觉得《极品仙尊混都市》还不错的话请不要忘记向您QQ群和微博里的朋友推荐哦！极品仙尊混都市最新章节,极品仙尊混都市无弹窗,极品仙尊混都市全文阅读.\n各位书友要是觉得《极品仙尊混都市》还不错的话请不要忘记向您QQ群和微博里的朋友推荐哦！<b>关键词：</b>极品仙尊混都市最新章节,极品仙尊混都市无弹窗,极品仙尊混都市全文阅读.', '1532148073', '1532148073', '204', '第8章 寻药', '31', null, 'j', '0', '1', '0');
INSERT INTO `novel` VALUES ('32', '1', '', '吻我吧！总裁小哥哥', 'wenwobazongcaixiaogege', null, '<b>小说吻我吧！总裁小哥哥简介：</b><br>    28岁的苏沐拥有18岁的惊世童颜，因此一直没着急嫁。不曾想，那天竟睡了国内第一财阀继承者，完完全全，彻彻底底的小鲜肉，才22岁！失误！她想溜之大吉；他却紧追不舍。苏沐把身份证扔出去：“看，我都能做你阿姨了。”宫少封霸道将她拥入怀里：“乖，叫小哥哥。”“变态！！！”从此，苏沐被这位‘小哥哥’宠上了天。都知道宫少娶了个鲜嫩小娇妻，没想到有天爆出，宫少老婆其实是个大龄剩女。他骄傲的说：我老婆的确比我年龄大，但她绝对不是圣女。打脸虐渣，她心狠手辣，毫无圣心。有人说宫少怕老婆。他骄傲的说：世界上没有怕老婆的男人，只有宠老婆的男人。[继续姐弟恋题材1V1双洁甜宠文，欢迎入坑！]\n    各位书友要是觉得《吻我吧！总裁小哥哥》还不错的话请不要忘记向您QQ群和微博里的朋友推荐哦！吻我吧！总裁小哥哥最新章节,吻我吧！总裁小哥哥无弹窗,吻我吧！总裁小哥哥全文阅读.\n各位书友要是觉得《吻我吧！总裁小哥哥》还不错的话请不要忘记向您QQ群和微博里的朋友推荐哦！<b>关键词：</b>吻我吧！总裁小哥哥最新章节,吻我吧！总裁小哥哥无弹窗,吻我吧！总裁小哥哥全文阅读.', '1532148085', '1532148085', '208', '第8章 怀孕这件事情，不是你想的那么简单', '32', null, 'w', '0', '1', '0');
INSERT INTO `novel` VALUES ('33', '1', '', '龙起灭世', 'longqimieshi', null, '<b>小说龙起灭世简介：</b><br>    龙族，消失了万年的种族，万年后，龙族在九州中放入一个“武器”，且看“武器”如何灭掉世界、带领龙族一统九州。亦或是，这个“武器”没有成功……\n    各位书友要是觉得《龙起灭世》还不错的话请不要忘记向您QQ群和微博里的朋友推荐哦！龙起灭世最新章节,龙起灭世无弹窗,龙起灭世全文阅读.\n各位书友要是觉得《龙起灭世》还不错的话请不要忘记向您QQ群和微博里的朋友推荐哦！<b>关键词：</b>龙起灭世最新章节,龙起灭世无弹窗,龙起灭世全文阅读.', '1532148097', '1532148097', '212', '第八章 匣子的能力', '33', null, 'l', '0', '1', '0');
INSERT INTO `novel` VALUES ('34', '1', '', '锦年梦里雪无痕', 'jinnianmenglixuewuhen', null, '<b>小说锦年梦里雪无痕简介：</b><br>    雪的第二部，\n    《人去楼空雪满城》之后的一个新故事。沿用了一些雪满城的背景，但故事是新的，不影响阅读。\n    大周末期，夏氏后人，苏小梦与锦大将军府少爷锦年的爱恨纠缠。\n    她与他生于乱世，诸多羁绊，诸多艰难……\n    锦年成伤，爱在灵魂梦回时。\n    然心已有千疮百孔。\n    再回首，心早已如踏雪无痕，但是为何还是如此伤怀？\n    遇到你，便是锦年。\n    各位书友要是觉得《锦年梦里雪无痕》还不错的话请不要忘记向您QQ群和微博里的朋友推荐哦！锦年梦里雪无痕最新章节,锦年梦里雪无痕无弹窗,锦年梦里雪无痕全文阅读.\n各位书友要是觉得《锦年梦里雪无痕》还不错的话请不要忘记向您QQ群和微博里的朋友推荐哦！<b>关键词：</b>锦年梦里雪无痕最新章节,锦年梦里雪无痕无弹窗,锦年梦里雪无痕全文阅读.', '1532148110', '1532148110', '216', '第8章', '34', null, 'j', '0', '1', '0');
INSERT INTO `novel` VALUES ('35', '1', '', '武天斗帝', 'wutiandoudi', null, '<b>小说武天斗帝简介：</b><br>    命中有时未必有，命中无时要强求！复仇斗帝王，求生破死境。傲骨不屈人，踏天为一人。拳之所至，即是道理所在。虽帝压天镇，亦傲骨不屈！\n    各位书友要是觉得《武天斗帝》还不错的话请不要忘记向您QQ群和微博里的朋友推荐哦！武天斗帝最新章节,武天斗帝无弹窗,武天斗帝全文阅读.\n各位书友要是觉得《武天斗帝》还不错的话请不要忘记向您QQ群和微博里的朋友推荐哦！<b>关键词：</b>武天斗帝最新章节,武天斗帝无弹窗,武天斗帝全文阅读.', '1532148123', '1532148123', '220', '第8章 张郎诀2', '35', null, 'w', '0', '1', '0');
INSERT INTO `novel` VALUES ('36', '1', '', '盗神之戒', 'daoshenzhijie', null, '<b>小说盗神之戒简介：</b><br>    一个强大的魔法师或战士，他可能有许多的敌人。但绝对没人敢惹一个强大的盗贼，也许一转眼你重要的东西就不见了。\n    各位书友要是觉得《盗神之戒》还不错的话请不要忘记向您QQ群和微博里的朋友推荐哦！盗神之戒最新章节,盗神之戒无弹窗,盗神之戒全文阅读.\n各位书友要是觉得《盗神之戒》还不错的话请不要忘记向您QQ群和微博里的朋友推荐哦！<b>关键词：</b>盗神之戒最新章节,盗神之戒无弹窗,盗神之戒全文阅读.', '1532148136', '1532148136', '224', '第8章 鬼影现世', '36', null, 'd', '0', '1', '0');
INSERT INTO `novel` VALUES ('37', '1', '', '赤血剑神', 'chixuejianshen', null, '<b>小说赤血剑神简介：</b><br>    天地有理，世间有情，凡事讲求一个赤血丹心，当一个人心中的执念达到一定境界，就会冲破枷锁，获得赤之力，燃烧身体血液，激发自身潜能，鄞茛就是这样一个人，在获得赤之力以后，机缘巧合之下，获得《赤血剑诀》，悟解了天地之灵，踏上一条永无止境之路。\n    各位书友要是觉得《赤血剑神》还不错的话请不要忘记向您QQ群和微博里的朋友推荐哦！赤血剑神最新章节,赤血剑神无弹窗,赤血剑神全文阅读.\n各位书友要是觉得《赤血剑神》还不错的话请不要忘记向您QQ群和微博里的朋友推荐哦！<b>关键词：</b>赤血剑神最新章节,赤血剑神无弹窗,赤血剑神全文阅读.', '1532148150', '1532148150', '228', '第8章奇迹', '37', null, 'c', '0', '1', '0');
INSERT INTO `novel` VALUES ('38', '1', '', '绝命毒尸', 'juemingdushi', null, '<b>小说绝命毒尸简介：</b><br>    黑夜给了我一双黑色的眼睛，我却用它来寻找姑娘！不，是光明！我在夹缝中求存，在黑暗中带领姑娘们……幸存者们前行！我就是夏不二，末日的阻挡者！\n    （末日专业户出品，必属精品！关注“十阶浮屠”公众号，可免费领取《末日之城》全本！）\n    各位书友要是觉得《绝命毒尸》还不错的话请不要忘记向您QQ群和微博里的朋友推荐哦！绝命毒尸最新章节,绝命毒尸无弹窗,绝命毒尸全文阅读.\n各位书友要是觉得《绝命毒尸》还不错的话请不要忘记向您QQ群和微博里的朋友推荐哦！<b>关键词：</b>绝命毒尸最新章节,绝命毒尸无弹窗,绝命毒尸全文阅读.', '1532148162', '1532148162', '232', '0008 末路狂奔', '38', null, 'j', '0', '1', '0');
INSERT INTO `novel` VALUES ('39', '1', '', '逆世神戒', 'nishishenjie', null, '<b>小说逆世神戒简介：</b><br>    “神戒在手，天下我有！”一代世纪文豪莫小南重生异界，获得了一枚象征着“创世之神”地位的主宰神戒。凡一降世，六界诸神莫敢不服，各路英豪无不俯首称臣称子！至此，他开始了忤逆世间法则之旅，也品尝到了睥睨万物苍灵的寂寞孤独。神戒在手，何人胆敢造次？！神戒在手，我命由我不由天！神戒在手，无敌是多么寂寞……\n    各位书友要是觉得《逆世神戒》还不错的话请不要忘记向您QQ群和微博里的朋友推荐哦！逆世神戒最新章节,逆世神戒无弹窗,逆世神戒全文阅读.\n各位书友要是觉得《逆世神戒》还不错的话请不要忘记向您QQ群和微博里的朋友推荐哦！<b>关键词：</b>逆世神戒最新章节,逆世神戒无弹窗,逆世神戒全文阅读.', '1532148178', '1532148178', '236', '第8章 戏耍纨绔少爷', '39', null, 'n', '0', '1', '0');
INSERT INTO `novel` VALUES ('40', '1', '', '千亿宠妻', 'qianyichongqi', null, '<b>小说千亿宠妻简介：</b><br>    起初，顾唯深被她吸引，不过因为她的名字。    他说，“季笙歌，夜夜笙歌么？”    她笑，回他道：“三少真能夜夜笙歌？！”    ……    百年顾家，响彻云江市。幺孙顾家三少，更是豪门圈内最顶尖的人物。    年纪轻轻却手段了得，掌握家族重权。外人都知道，三少自幼得宠，那是顾家老爷子钦点的未来继承人。    而她，只是季家并不受宠的女儿，忍受白眼与嘲讽夹缝求生，与他的高贵身份相差甚远。    面对外界的质疑，季笙歌手指轻佻男人胸前的领带，语气不满，“你听到了吧，他们都说我名不正，言不顺。”    隔日，顾家三少的求婚，顷...\n    各位书友要是觉得《千亿宠妻》还不错的话请不要忘记向您QQ群和微博里的朋友推荐哦！千亿宠妻最新章节,千亿宠妻无弹窗,千亿宠妻全文阅读.\n各位书友要是觉得《千亿宠妻》还不错的话请不要忘记向您QQ群和微博里的朋友推荐哦！<b>关键词：</b>千亿宠妻最新章节,千亿宠妻无弹窗,千亿宠妻全文阅读.', '1532148194', '1532148194', '240', '08 惹上麻烦', '40', null, 'q', '0', '1', '0');
INSERT INTO `novel` VALUES ('41', '1', '', '哑小姐，请借一生说话', 'yaxiaojieqingjieyishengshuohua', null, '<b>小说哑小姐，请借一生说话简介：</b><br>    初遇，顾安尘觉得，这姑娘八成是看上他了。再遇，他想，这姑娘一定是看上他了！三遇，他感觉，自己貌似看上这个姑娘了……所有人都不知道向南依有哪里好，可是顾安尘却觉得，她话少、年纪小、长的俏，哪里都很好。最重要的是，她是顾安尘的向南依啊！有人说她是个父不详的女人，可顾安尘却觉得，这又有什么关系，反正她的母亲也不详。不过他家小一不需要那些人，从今往后，她姓顾。她总说自己的名字太过悲伤，南风未起，心无所依。可他很想用一生去告诉她，顾影相随，南风可依……【关于相处】顾大少：吃苹果吗？摇头。顾大少：看电影吗...\n    各位书友要是觉得《哑小姐，请借一生说话》还不错的话请不要忘记向您QQ群和微博里的朋友推荐哦！哑小姐，请借一生说话最新章节,哑小姐，请借一生说话无弹窗,哑小姐，请借一生说话全文阅读.\n各位书友要是觉得《哑小姐，请借一生说话》还不错的话请不要忘记向您QQ群和微博里的朋友推荐哦！<b>关键词：</b>哑小姐，请借一生说话最新章节,哑小姐，请借一生说话无弹窗,哑小姐，请借一生说话全文阅读.', '1532148210', '1532148210', '244', '008 暖', '41', null, 'y', '0', '1', '0');
INSERT INTO `novel` VALUES ('42', '1', '', '今生我欠你一个前世', 'jinshengwoqianniyigeqianshi', null, '<b>小说今生我欠你一个前世简介：</b><br>    情这个字。纵使我走过须臾数年，踏遍了九州大陆，依然无法懂得它到底是什么，我想知道的是，为什么你要在让我尝到了情的美好后，又将我打入无底深渊。司空，我恨你，无论是前世还是今生，无论是作为千羽还是碧舸，我都不会再爱了。\n    各位书友要是觉得《今生我欠你一个前世》还不错的话请不要忘记向您QQ群和微博里的朋友推荐哦！今生我欠你一个前世最新章节,今生我欠你一个前世无弹窗,今生我欠你一个前世全文阅读.\n各位书友要是觉得《今生我欠你一个前世》还不错的话请不要忘记向您QQ群和微博里的朋友推荐哦！<b>关键词：</b>今生我欠你一个前世最新章节,今生我欠你一个前世无弹窗,今生我欠你一个前世全文阅读.', '1532148223', '1532148223', '248', '第八章 回忆往昔（4）', '42', null, 'j', '0', '1', '0');
INSERT INTO `novel` VALUES ('43', '1', '', '王者天下之真实游戏', 'wangzhetianxiazhizhenshiyouxi', null, '<b>小说王者天下之真实游戏简介：</b><br>    身怀绝症的令狐小云竟然穿越了。而且穿越后与被穿越者共用了同一具身体。身处平行的异界，经历学院之间的争夺，联盟之间的争战还有爱情的洗礼。作为一名只会玩游戏的宅病者，重新获得生命的阳光后面临责任、友情与家族的羁绊如何一步步成长为耀世的王者的故事。这里有战士也有斗士，有皇者也有平民，无论初心为何，一心变强实为真实游戏。边听边说讲一个小故事，与你同度每一分纯真。敬请阅读。\n    各位书友要是觉得《王者天下之真实游戏》还不错的话请不要忘记向您QQ群和微博里的朋友推荐哦！王者天下之真实游戏最新章节,王者天下之真实游戏无弹窗,王者天下之真实游戏全文阅读.\n各位书友要是觉得《王者天下之真实游戏》还不错的话请不要忘记向您QQ群和微博里的朋友推荐哦！<b>关键词：</b>王者天下之真实游戏最新章节,王者天下之真实游戏无弹窗,王者天下之真实游戏全文阅读.', '1532148236', '1532148236', '252', '第8章 学院生活', '43', null, 'w', '0', '1', '0');
INSERT INTO `novel` VALUES ('44', '1', '', '九零学霸小军医', 'jiulingxuebaxiaojunyi', null, '<b>小说九零学霸小军医简介：</b><br>    重生花样年华，玩转市井豪门，携手逆袭人生，共揽一世风云！\n    各位书友要是觉得《九零学霸小军医》还不错的话请不要忘记向您QQ群和微博里的朋友推荐哦！九零学霸小军医最新章节,九零学霸小军医无弹窗,九零学霸小军医全文阅读.\n各位书友要是觉得《九零学霸小军医》还不错的话请不要忘记向您QQ群和微博里的朋友推荐哦！<b>关键词：</b>九零学霸小军医最新章节,九零学霸小军医无弹窗,九零学霸小军医全文阅读.', '1532148248', '1532148248', '256', '第八章 第五名来了', '44', null, 'j', '0', '1', '0');
INSERT INTO `novel` VALUES ('45', '1', '', '苍天仙帝', 'cangtianxiandi', null, '<b>小说苍天仙帝简介：</b><br>    十五年的轮回，十五年的屈辱，少年浴血走出林家后院，从毁灭中重生，携神秘体质，超凡精神力，从苍寥大地崛起。何谓天才，我叶灵就是天才！\n    各位书友要是觉得《苍天仙帝》还不错的话请不要忘记向您QQ群和微博里的朋友推荐哦！苍天仙帝最新章节,苍天仙帝无弹窗,苍天仙帝全文阅读.\n各位书友要是觉得《苍天仙帝》还不错的话请不要忘记向您QQ群和微博里的朋友推荐哦！<b>关键词：</b>苍天仙帝最新章节,苍天仙帝无弹窗,苍天仙帝全文阅读.', '1532148262', '1532148262', '260', '第8章 画中的剑', '45', null, 'c', '0', '1', '0');
INSERT INTO `novel` VALUES ('46', '1', '', '觉醒神器大玩家', 'juexingshenqidawanjia', null, '<b>小说觉醒神器大玩家简介：</b><br>    浓缩版：开局一套新手装，神器全靠BOSS爆。\n    完整版：灵气虽然复苏，人类却没有修真体系的传承，也没有出现觉醒者，反倒是世间万物受灵气滋养纷纷成精。\n    生物觉醒了灵智可幻化人形，拥有行为语言能力，称为[人形怪]。\n    器物觉醒了器灵可锻造神器，附带各种属性技能，称为[觉醒装]。\n    当人形怪装备了觉醒装后实力倍增，成为了BOSS般的存在，某组织应运而生。\n    李哲言以《文以载道》打开了锻造神器的大门，将学习、创作、游戏相结合，集各种锻造技艺于一身。且看李哲言打BOSS爆觉醒装，将其锻造成神器，化身学霸级神器宗师大玩家！\n    【叮，洗炼成功！获得幽萌羽翼（史诗神器）】\n    【叮，附魂成功！获得海魂套装（创世神器）】\n    各位书友要是觉得《觉醒神器大玩家》还不错的话请不要忘记向您QQ群和微博里的朋友推荐哦！觉醒神器大玩家最新章节,觉醒神器大玩家无弹窗,觉醒神器大玩家全文阅读.\n各位书友要是觉得《觉醒神器大玩家》还不错的话请不要忘记向您QQ群和微博里的朋友推荐哦！<b>关键词：</b>觉醒神器大玩家最新章节,觉醒神器大玩家无弹窗,觉醒神器大玩家全文阅读.', '1532148275', '1532148275', '264', '第008章【觉醒太岁】', '46', null, 'j', '0', '1', '0');
INSERT INTO `novel` VALUES ('47', '1', '', '无限升级之最强武魂', 'wuxianshengjizhizuiqiangwuhun', null, '<b>小说无限升级之最强武魂简介：</b><br>    平凡学生楚炎，异世觉醒逆天武魂、且看他如何一路逆袭、邂逅仙姿美女，碾压九界天才。天才高手，在我面前，都是用来踩的。打爆一切不服者！狂虐各路高手！踏九宵、破苍穹、逆乾坤！祭炼神鼎丹方，踏武道巅峰！执掌万界，开创无上神通，成就一代传奇，傲视古今。这一世，我要不留遗憾！九天十地！唯我独尊！为所欲为！\n    各位书友要是觉得《无限升级之最强武魂》还不错的话请不要忘记向您QQ群和微博里的朋友推荐哦！无限升级之最强武魂最新章节,无限升级之最强武魂无弹窗,无限升级之最强武魂全文阅读.\n各位书友要是觉得《无限升级之最强武魂》还不错的话请不要忘记向您QQ群和微博里的朋友推荐哦！<b>关键词：</b>无限升级之最强武魂最新章节,无限升级之最强武魂无弹窗,无限升级之最强武魂全文阅读.', '1532148288', '1532148288', '268', '8.第8章 极天金顶之雷动九天', '47', null, 'w', '0', '1', '0');
INSERT INTO `novel` VALUES ('48', '1', '', '超级战兵', 'chaojizhanbing', null, '<b>小说超级战兵简介：</b><br>    末世“神级”异能强者，重生都市，灵魂附在了特种兵叶天辰的身上。\n    被别人退婚的苦逼？no！\n    被家族抛弃，给父母带来耻辱？no！\n    啥叫风流？让校花痴情难忘，让女明星欲罢不能，让身家千亿的倾世美女朝思暮想；啥叫狂？拳打高富帅，脚踩官二代，只认理，不认人！\n    废物？\n    我要所有人知道，我叶天辰不是废物，我是超级战兵！\n各位书友要是觉得《超级战兵》还不错的话请不要忘记向您QQ群和微博里的朋友推荐哦！<b>关键词：</b>超级战兵最新章节,超级战兵无弹窗,超级战兵全文阅读.', '1532148305', '1532148305', '272', '第八章 【退婚风波】', '48', null, 'c', '0', '1', '0');
INSERT INTO `novel` VALUES ('49', '1', '', '行会', 'hanghui', null, '<b>小说行会简介：</b><br>    地球能源的枯竭，使得人类文明进入一个充满异能的旷古大陆。\n    大陆上的生物皆可亲近自然，化其形而为之用，与魔兽生活百年强者为尊。\n    地球同样有着独特的文化和魅力。\n    千年独有的百家争鸣的文化之花同样在这片大陆绽放。\n    就这样科技、金融、媒体、文化与异能、玄术、魔兽、元素交汇融合产生的新世界。\n    新世界中充满彷徨、孤独、新生活、猜忌、思念，以及最让人敬畏的各个行会，行会保护着安全、生活、物资，甚至纸醉金迷。\n    但生活里同样会收获难能可贵的爱情、友情、信任、以及并肩作战和爱你的人。\n    各位书友要是觉得《行会》还不错的话请不要忘记向您QQ群和微博里的朋友推荐哦！行会最新章节,行会无弹窗,行会全文阅读.\n各位书友要是觉得《行会》还不错的话请不要忘记向您QQ群和微博里的朋友推荐哦！<b>关键词：</b>行会最新章节,行会无弹窗,行会全文阅读.', '1532148318', '1532148318', '276', '第八章 E级测试', '49', null, 'h', '0', '1', '0');
INSERT INTO `novel` VALUES ('50', '1', '', '万剑圣帝', 'wanjianshengdi', null, '<b>小说万剑圣帝简介：</b><br>    【免费无敌爽文】一剑在手，风云由我。万域第一大帝――剑风云，渡神灵劫遭暗算，其侍女为他施展禁术，一同重生在万域之中的青云域内，天阳王朝一个偏偶小城之中，缓缓崛起，带着前世大帝的风资......剑斩帝尊头颅，身战万域诸天，谈笑威慑神魔，天地一剑风云！\n    各位书友要是觉得《万剑圣帝》还不错的话请不要忘记向您QQ群和微博里的朋友推荐哦！万剑圣帝最新章节,万剑圣帝无弹窗,万剑圣帝全文阅读.\n各位书友要是觉得《万剑圣帝》还不错的话请不要忘记向您QQ群和微博里的朋友推荐哦！<b>关键词：</b>万剑圣帝最新章节,万剑圣帝无弹窗,万剑圣帝全文阅读.', '1532148332', '1532148332', '280', '第8章 问药榜', '50', null, 'w', '0', '1', '0');
INSERT INTO `novel` VALUES ('51', '1', '', '剑镇妖魔', 'jianzhenyaomo', null, '<b>小说剑镇妖魔简介：</b><br>    千星大陆浩瀚无边，妖魔肆虐，无尽妖魔变幻万千，如炼狱死神一般，屠城灭国，谁能破界斩妖魔，一剑永恒。\n    各位书友要是觉得《剑镇妖魔》还不错的话请不要忘记向您QQ群和微博里的朋友推荐哦！剑镇妖魔最新章节,剑镇妖魔无弹窗,剑镇妖魔全文阅读.\n各位书友要是觉得《剑镇妖魔》还不错的话请不要忘记向您QQ群和微博里的朋友推荐哦！<b>关键词：</b>剑镇妖魔最新章节,剑镇妖魔无弹窗,剑镇妖魔全文阅读.', '1532149412', '1532149412', '288', '第四章、荒山猎妖', '51', null, 'j', '0', '1', '0');
INSERT INTO `novel` VALUES ('52', '1', '', '九天圣芒', 'jiutianshengmang', null, '<b>小说九天圣芒简介：</b><br>    一个坚韧的少年，在修炼到巅峰时刻，发现了一个针对人间的，巨大阴谋    “薛小焕，把你手里的东西交出来！”    “我不，这是我捡到的。”一张倔强的小脸仰了起来。        “让我喜欢你，等你打败我的那一天吧。”少女淡淡的说道。        “你们，居然把人间当成”少年缓缓的闭上了眼睛。\n    各位书友要是觉得《九天圣芒》还不错的话请不要忘记向您QQ群和微博里的朋友推荐哦！九天圣芒最新章节,九天圣芒无弹窗,九天圣芒全文阅读.\n各位书友要是觉得《九天圣芒》还不错的话请不要忘记向您QQ群和微博里的朋友推荐哦！<b>关键词：</b>九天圣芒最新章节,九天圣芒无弹窗,九天圣芒全文阅读.', '1532149426', '1532149426', '292', '第四章 还了一拳', '52', null, 'j', '0', '1', '0');
INSERT INTO `novel` VALUES ('53', '1', '', '这个导游想撩我', 'zhegedaoyouxiangliaowo', null, '<b>小说这个导游想撩我简介：</b><br>    下一篇准备写双老师的轻松百合小甜文，预收已开，求各位小天使们戳我的作者专栏收藏一下，我在这里给大家卖萌啦～\n    都好好上课听到没？你们班主任那可是我媳妇！\n    【宠妻的心理老师班主任X被宠的语文老师小媳妇】\n    ★☆★☆★☆★☆★\n    【本文其实可以算甜文，甜在我都还没接触过你，便已经从你的作品中，一点点地读懂了你。】\n    什么是爱？\n    是相互理解还是相互欣赏？\n    其实有这么一种爱，它离你很远很远，远到你根本不知道它的存在，但当你一旦遇到，你就会慢慢地因此沦陷，沦陷于那种让人沉迷其中但又无法摆脱的奇妙感觉。\n    为了一个活在自己想象中的偶像，魏莱改变了自己原本的人生规划，在一个并不适合自己本身基础知识的道路上苦苦挣扎，填补自己的不足之处，只为了有一天，她的偶像能亲口告诉她，她的决定和坚持，从来都没有错过。\n    魏莱：嘉仁，回忆是值得怀念的，而我，将会是你的未来。\n    董嘉仁：是呀，你是我的未来，以前我怕你会离开我，但现在我怕自己会从你的身边离开。\n    【慢慢沦陷的大作家X慢慢攻略的小导游】\n    ★☆★☆★☆★☆★\n    本文将于2018.03.06入V，当日万字更新，望支持，谢谢大家！\n    ★☆★☆★☆★☆★\n    微博：晋江经年虚设\n    微博有用的时候会在作者有话说里说明的。\n    ★☆★☆★☆★☆★\n    推一下基友的百合文:\n    《影后的魔教教主[穿越]》By:暮雨兮兮。\n    《执笔裁音》，By:青执为枳，作者×CV，喜欢一个人大概就是因为她而努力成为更好的自己。\n    《这怕是个假室友［娱乐圈］》，By:黎明苏打子，重生影后攻和小编剧受的日常。\n    《快穿的任务不科学》By:千里日和，两个死党的快穿之旅。\n    推荐基友的言情文:\n    《鬼界大佬的心上莓》BY:青山误我。苏炸天鬼界大佬白无常X武力值max脱线傻白甜的故事。\n    各位书友要是觉得《这个导游想撩我》还不错的话请不要忘记向您QQ群和微博里的朋友推荐哦！这个导游想撩我最新章节,这个导游想撩我无弹窗,这个导游想撩我全文阅读.\n各位书友要是觉得《这个导游想撩我》还不错的话请不要忘记向您QQ群和微博里的朋友推荐哦！<b>关键词：</b>这个导游想撩我最新章节,这个导游想撩我无弹窗,这个导游想撩我全文阅读.', '1532149439', '1532149439', '296', '4.第四章', '53', null, 'z', '0', '1', '0');
INSERT INTO `novel` VALUES ('54', '1', '', '天道大讲师', 'tiandaodajiangshi', null, '<b>小说天道大讲师简介：</b><br>    三千大道与一身，万卷藏书为己用。功法、武技、炼丹、炼器、不传秘籍、应有尽有……无数圣人伴随左右，上万神兽任由骑乘，亿万武者追随在他的身后。众人都称呼他为――天道大讲师。一本正经的说道：“我家徒弟都会嘤嘤嘤……小拳头捶你胸口。”\n    各位书友要是觉得《天道大讲师》还不错的话请不要忘记向您QQ群和微博里的朋友推荐哦！天道大讲师最新章节,天道大讲师无弹窗,天道大讲师全文阅读.\n各位书友要是觉得《天道大讲师》还不错的话请不要忘记向您QQ群和微博里的朋友推荐哦！<b>关键词：</b>天道大讲师最新章节,天道大讲师无弹窗,天道大讲师全文阅读.', '1532149452', '1532149452', '300', '第4章 打一个试试', '54', null, 't', '0', '1', '0');
INSERT INTO `novel` VALUES ('55', '1', '', '璀璨仙途', 'cuicanxiantu', null, '<b>小说璀璨仙途简介：</b><br>    万年轮回，天上星辰之力降落人间，让凡人拥有翻天覆地的非凡力量。拥有星辰之力的人在修炼一途上远超凡人，凡间修炼山门为了强大自身，搜罗这些星辰之子。\n    凡人修炼所求是飞天长生，而星子只要没有意外，千年之内必入天上星宫。他们在人间存在的意义，是尽可能的消灭掉其他星宫的星子，为自己的星宫赢得万年一次的星宫之战。\n    星宫之上存在传说，世间有三千大道，即使是天上星宫，依然在这三千大道约束之中。天上星宫大小千万，数之不清，每座星宫都掌握至少一条大道。其中以十八座正天星宫为首，发动证道之争，万年一战，胜者去参与证道的星宫感悟大道，补足自家星宫大道。\n    三千大道，曾有神者推演，补足者可破碎此方世界，得大超脱。\n    各位书友要是觉得《璀璨仙途》还不错的话请不要忘记向您QQ群和微博里的朋友推荐哦！璀璨仙途最新章节,璀璨仙途无弹窗,璀璨仙途全文阅读.\n各位书友要是觉得《璀璨仙途》还不错的话请不要忘记向您QQ群和微博里的朋友推荐哦！<b>关键词：</b>璀璨仙途最新章节,璀璨仙途无弹窗,璀璨仙途全文阅读.', '1532149464', '1532149464', '304', '第四章 欢喜皮囊仇为骨，初入山门显非凡', '55', null, 'c', '0', '1', '0');
INSERT INTO `novel` VALUES ('56', '1', '', '武神圣帝', 'wushenshengdi', null, '<b>小说武神圣帝简介：</b><br>    聂家长子聂晨，因为不能修炼被逐出家族，惨遭家族追杀，意外觉醒母亲遗物，逆天改命，成就绝世之资。\n    败尽天骄，斩落天才！\n    斗战群雄，武踏巅峰！\n    拳可崩亿万星辰，脚可碎万里山河；\n    身可化万法无敌，一念可斗破苍穹！\n    挡我路者，杀无赦！\n    为我敌者，杀无赦！\n    萧晨，势要做九天之上最为耀眼的那一颗星.....\n    各位书友要是觉得《武神圣帝》还不错的话请不要忘记向您QQ群和微博里的朋友推荐哦！武神圣帝最新章节,武神圣帝无弹窗,武神圣帝全文阅读.\n各位书友要是觉得《武神圣帝》还不错的话请不要忘记向您QQ群和微博里的朋友推荐哦！<b>关键词：</b>武神圣帝最新章节,武神圣帝无弹窗,武神圣帝全文阅读.', '1532149476', '1532149476', '308', '第四章 废物都不如', '56', null, 'w', '0', '1', '0');
INSERT INTO `novel` VALUES ('57', '1', '', '摩勇记', 'moyongji', null, '<b>小说摩勇记简介：</b><br>    内容介绍吗？我不太会写。不过有吧友写的好。\n    “被召唤至那个充满无限可能的时代\n    用洁白的圣光治愈受伤的生灵\n    用绚烂的魔法点亮漆黑的夜空\n    用锐利的箭矢击中目标的要害\n    用手中的长剑守护向往的美好\n    当我们经历一次次的冒险，准备向下一站进发时，命运之轮的转动却逐渐缓慢直至停止”\n    摩尔王国的历史，格力尔大陆的故事。\n    有多少往事，仿佛就在昨天\n    有多少朋友，仿佛还在身边\n    也曾笑语连连，也曾心意沉颠\n    相逢是苦是甜，相别美好祝愿\n    勇士之所以让人怀念，因为他代表了一代人的童年。\n    而今，当年的小孩子，今已长大成人。\n    谨献给那些还在怀念的摩勇们。\n    各位书友要是觉得《摩勇记》还不错的话请不要忘记向您QQ群和微博里的朋友推荐哦！摩勇记最新章节,摩勇记无弹窗,摩勇记全文阅读.\n各位书友要是觉得《摩勇记》还不错的话请不要忘记向您QQ群和微博里的朋友推荐哦！<b>关键词：</b>摩勇记最新章节,摩勇记无弹窗,摩勇记全文阅读.', '1532149489', '1532149489', '312', '第四节 黑化精灵', '57', null, 'm', '0', '1', '0');
INSERT INTO `novel` VALUES ('58', '1', '', '长宁帝军', 'changningdijun', null, '<b>小说长宁帝军简介：</b><br>    这个天下大大小小数百国，说到陆地武功宁国近乎无敌，有四疆四库的虎狼横扫六合，陆地延伸到哪儿，宁军就能把战旗插到哪儿，可是海疆之外虎狼不及之处总有些人不服气，于是就有了那少年带刀扬戟，一苇渡江。\n    各位书友要是觉得《长宁帝军》还不错的话请不要忘记向您QQ群和微博里的朋友推荐哦！长宁帝军最新章节,长宁帝军无弹窗,长宁帝军全文阅读.\n各位书友要是觉得《长宁帝军》还不错的话请不要忘记向您QQ群和微博里的朋友推荐哦！<b>关键词：</b>长宁帝军最新章节,长宁帝军无弹窗,长宁帝军全文阅读.', '1532149501', '1532149501', '316', '第三章 大当家', '58', null, 'c', '0', '1', '0');
INSERT INTO `novel` VALUES ('59', '1', '', '观云', 'guanyun', null, '<b>小说观云简介：</b><br>    生逢乱世，战争孤儿受圣贤相教；投身军旅、牵涉朝政、卷入党争，在五国争霸的大势下几经沉浮；遇知己、交莫逆、防小人、戍家国、战强敌，热血书写传奇一生\n    各位书友要是觉得《观云》还不错的话请不要忘记向您QQ群和微博里的朋友推荐哦！观云最新章节,观云无弹窗,观云全文阅读.\n各位书友要是觉得《观云》还不错的话请不要忘记向您QQ群和微博里的朋友推荐哦！<b>关键词：</b>观云最新章节,观云无弹窗,观云全文阅读.', '1532149516', '1532149516', '320', '第四章 谆谆教导： 第一节 识文断武', '59', null, 'g', '0', '1', '0');

-- ----------------------------
-- Table structure for `photostatus`
-- ----------------------------
DROP TABLE IF EXISTS `photostatus`;
CREATE TABLE `photostatus` (
  `novel_id` int(8) NOT NULL,
  `photo` varchar(300) NOT NULL,
  `status` tinyint(1) DEFAULT '0' COMMENT '0:未采 1:已采',
  PRIMARY KEY (`novel_id`)
) ENGINE=MyISAM DEFAULT CHARSET=utf8;

-- ----------------------------
-- Records of photostatus
-- ----------------------------
INSERT INTO `photostatus` VALUES ('5', 'https://www.dhzw.org/files/article/image/97/97773/97773s.jpg', '0');
INSERT INTO `photostatus` VALUES ('9', 'https://www.dhzw.org/files/article/image/148/148139/148139s.jpg', '0');
INSERT INTO `photostatus` VALUES ('16', 'https://www.dhzw.org/files/article/image/146/146933/146933s.jpg', '0');
INSERT INTO `photostatus` VALUES ('41', 'https://www.dhzw.org/files/article/image/228/228992/228992s.jpg', '0');
INSERT INTO `photostatus` VALUES ('47', 'https://www.dhzw.org/files/article/image/156/156135/156135s.jpg', '0');
